name,smiles,count
10-Formyltetrahydrofolate,Nc1nc2c(c(=O)[nH]1)N[C@@H](CN(C=O)c1ccc(C(=O)N[C@@H](CCC(=O)O)C(=O)O)cc1)CN2,34.0
"(R)-Propane-1,2-diol",C[C@@H](O)CO,5.0
"(S)-Propane-1,2-diol",C[C@H](O)CO,5.0
3-Phospho-D-glyceroyl phosphate,O=C(OP(=O)([O-])[O-])[C@H](O)COP(=O)([O-])[O-],15.0
"1,5-Diaminopentane",[NH3+]CCCCC[NH3+],7.0
1-Acyl-sn-glycero-3-phosphoethanolamine (n-C14:0),CCCCCCCCCCCCCC(=O)OC[C@@H](O)COP(=O)([O-])OCC[NH3+],28.0
1-Acyl-sn-glycero-3-phosphoethanolamine (n-C16:0),CCCCCCCCCCCCCCCC(=O)OC[C@@H](O)COP(=O)(O)OCCN,30.0
1-Acyl-sn-glycero-3-phosphoethanolamine (n-C18:0),CCCCCCCCCCCCCCCCCC(=O)OC[C@@H](O)COP(=O)([O-])OCC[NH3+],32.0
3-keto-L-gulonate-6-phosphate,O=C([O-])[C@@H](O)C(=O)[C@H](O)[C@@H](O)COP(=O)([O-])[O-],17.0
"Meso-2,6-Diaminoheptanedioate",N[C@@H](CCC[C@@H](N)C(=O)[O-])C(=O)[O-],13.0
3-Dehydroquinate,O=C1C[C@@](O)(C(=O)[O-])C[C@@H](O)[C@@H]1O,13.0
1-Acyl-sn-glycero-3-phosphoglycerol (n-C14:0),CCCCCCCCCCCCCC(=O)OC[C@@H](O)COP(=O)([O-])OC[C@@H](O)CO,30.0
3-Dehydroshikimate,O=C(O)C1=CC(=O)[C@@H](O)[C@H](O)C1,12.0
1-Acyl-sn-glycero-3-phosphoglycerol (n-C16:0),CCCCCCCCCCCCCCCC(=O)OC[C@@H](O)COP(=O)([O-])OC[C@@H](O)CO,32.0
Guanosine 3  phosphate C10H12N5O8P,Nc1nc2c(ncn2[C@@H]2O[C@H](CO)[C@@H](OP(=O)([O-])[O-])[C@H]2O)c(=O)[nH]1,24.0
1-Acyl-sn-glycero-3-phosphoglycerol (n-C18:0),CCCCCCCCCCCCCCCCCC(=O)OC[C@@H](O)COP(=O)(O)OC[C@@H](O)CO,34.0
1-Acyl-sn-glycero-3-phosphoglycerol (n-C18:1),CCCCCCCC/C=C\CCCCCCCC(=O)OC[C@@H](O)COP(=O)([O-])OC[C@@H](O)CO,34.0
1-dodecanoyl-sn-glycerol 3-phosphate,CCCCCCCCCCCC(=O)OC[C@@H](O)COP(=O)([O-])[O-],23.0
2-Acyl-sn-glycero-3-phosphoethanolamine (n-C16:0),CCCCCCCCCCCCCCCC(=O)O[C@H](CO)COP(=O)(O)OCCN,30.0
(S)-3-Hydroxybutanoyl-CoA,C[C@H](O)CC(=O)SCCNC(=O)CCNC(=O)[C@H](O)C(C)(C)COP(=O)(O)OP(=O)(O)OC[C@H]1O[C@@H](n2cnc3c(N)ncnc32)[C@H](O)[C@@H]1OP(=O)(O)O,54.0
3-hydroxycinnamic acid,O=C(O)C=Cc1cccc(O)c1,12.0
2-Acyl-sn-glycero-3-phosphoethanolamine (n-C18:0),CCCCCCCCCCCCCCCCCC(=O)O[C@H](CO)COP(=O)([O-])OCC[NH3+],32.0
(S)-3-Hydroxydecanoyl-CoA,CCCCCCC[C@H](O)CC(=O)SCCNC(=O)CCNC(=O)[C@H](O)C(C)(C)COP(=O)([O-])OP(=O)([O-])OC[C@H]1O[C@@H](n2cnc3c(N)ncnc32)[C@H](O)[C@@H]1OP(=O)([O-])[O-],60.0
(S)-3-Hydroxydodecanoyl-CoA,CCCCCCCCC[C@H](O)CC(=O)SCCNC(=O)CCNC(=O)[C@H](O)C(C)(C)COP(=O)([O-])OP(=O)([O-])OC[C@H]1O[C@@H](n2cnc3c(N)ncnc32)[C@H](O)[C@@H]1OP(=O)([O-])[O-],62.0
(S)-3-Hydroxyhexanoyl-CoA,CCC[C@H](O)CC(=O)SCCNC(=O)CCNC(=O)[C@H](O)C(C)(C)COP(=O)([O-])OP(=O)([O-])OC[C@H]1O[C@@H](n2cnc3c(N)ncnc32)[C@H](O)[C@@H]1OP(=O)([O-])[O-],56.0
(S)-3-Hydroxyhexadecanoyl-CoA,CCCCCCCCCCCCC[C@H](O)CC(=O)SCCNC(=O)CCNC(=O)[C@H](O)C(C)(C)COP(=O)(O)OP(=O)(O)OC[C@H]1O[C@@H](n2cnc3c(N)ncnc32)[C@H](O)[C@@H]1OP(=O)(O)O,66.0
1-octadecanoyl-sn-glycerol 3-phosphate,CCCCCCCCCCCCCCCCCC(=O)OC[C@@H](O)COP(=O)(O)O,29.0
1-Pyrroline-5-carboxylate,O=C(O)[C@@H]1CCC=N1,8.0
(S)-3-Hydroxyoctanoyl-CoA,CCCCC[C@H](O)CC(=O)SCCNC(=O)CCNC(=O)[C@H](O)C(C)(C)COP(=O)([O-])OP(=O)([O-])OC[C@H]1O[C@@H](n2cnc3c(N)ncnc32)[C@H](O)[C@@H]1OP(=O)([O-])[O-],58.0
(S)-3-Hydroxyoctadecanoyl-CoA,CCCCCCCCCCCCCCC[C@H](O)CC(=O)SCCNC(=O)CCNC(=O)[C@H](O)C(C)(C)COP(=O)([O-])OP(=O)([O-])OC[C@H]1O[C@@H](n2cnc3c(N)ncnc32)[C@H](O)[C@@H]1OP(=O)([O-])[O-],68.0
1-tetradecanoyl-sn-glycerol 3-phosphate,CCCCCCCCCCCCCC(=O)OC[C@@H](O)COP(=O)(O)O,25.0
(S)-2-Aceto-2-hydroxybutanoate,CC[C@](O)(C(C)=O)C(=O)O,10.0
2-Aminomalonate semialdehyde,[NH3+][C@@H](C=O)C(=O)[O-],7.0
L-2-Amino-3-oxobutanoate,CC(=O)[C@H]([NH3+])C(=O)[O-],8.0
3-(3-hydroxy-phenyl)propionate,O=C([O-])CCc1cccc(O)c1,12.0
"2',3'-Cyclic AMP",Nc1ncnc2c1ncn2[C@@H]1O[C@H](CO)[C@H]2OP(=O)([O-])O[C@H]21,22.0
1-(2-Carboxyphenylamino)-1-deoxy-D-ribulose 5-phosphate,O=C(O)c1ccccc1NCC(=O)[C@H](O)[C@H](O)COP(=O)(O)O,23.0
2-Dehydro-3-deoxy-D-arabino-heptonate 7-phosphate,O=C(O)C(=O)C[C@@H](O)[C@H](O)[C@H](O)COP(=O)(O)O,18.0
(S)-3-Hydroxytetradecanoyl-CoA,CCCCCCCCCCC[C@H](O)CC(=O)SCCNC(=O)CCNC(=O)[C@H](O)C(C)(C)COP(=O)([O-])OP(=O)([O-])OC[C@H]1O[C@@H](n2cnc3c(N)ncnc32)[C@H](O)[C@@H]1OP(=O)([O-])[O-],64.0
"2',3'-Cyclic CMP",Nc1ccn([C@@H]2O[C@H](CO)[C@H]3OP(=O)([O-])O[C@H]32)c(=O)n1,20.0
C'-(3-Indolyl)-glycerol 3-phosphate,O=P([O-])([O-])OC[C@@H](O)[C@@H](O)c1c[nH]c2ccccc12,19.0
2-Dehydro-3-deoxy-D-gluconate 6-phosphate,O=C([O-])C(=O)C[C@H](O)[C@H](O)COP(=O)([O-])[O-],16.0
3-Methyl-2-oxobutanoate,CC(C)C(=O)C(=O)[O-],8.0
(S)-3-Methyl-2-oxopentanoate,CC[C@H](C)C(=O)C(=O)[O-],9.0
"2',3'-Cyclic GMP",Nc1nc2c(ncn2[C@@H]2O[C@H](CO)[C@H]3OP(=O)(O)O[C@H]32)c(=O)[nH]1,23.0
2-Dehydro-3-deoxy-D-gluconate,O=C(O)C(=O)C[C@H](O)[C@H](O)CO,12.0
"2',3'-Cyclic UMP",O=c1ccn([C@@H]2O[C@H](CO)[C@H]3OP(=O)(O)O[C@H]32)c(=O)[nH]1,20.0
"2,3-diaminopropionate",NC[C@H](N)C(=O)O,7.0
3-Oxodecanoyl-CoA,CCCCCCCC(=O)CC(=O)SCCNC(=O)CCNC(=O)[C@H](O)C(C)(C)COP(=O)(O)OP(=O)(O)OC[C@H]1O[C@@H](n2cnc3c(N)ncnc32)[C@H](O)[C@@H]1OP(=O)(O)O,60.0
3-Oxododecanoyl-CoA,CCCCCCCCCC(=O)CC(=O)SCCNC(=O)CCNC(=O)[C@H](O)C(C)(C)COP(=O)([O-])OP(=O)([O-])OC[C@H]1O[C@@H](n2cnc3c(N)ncnc32)[C@H](O)[C@@H]1OP(=O)([O-])[O-],62.0
2-Dehydro-3-deoxy-D-galactonate 6-phosphate,O=C(O)C(=O)C[C@@H](O)[C@H](O)COP(=O)(O)O,16.0
2-Dehydro-3-deoxy-D-galactonate,O=C([O-])C(=O)C[C@@H](O)[C@H](O)CO,12.0
"2,3-Dihydro-2,3-dihydroxybenzoate",O=C([O-])C1=CC=CC(O)C1O,11.0
3-Oxohexanoyl-CoA,CCCC(=O)CC(=O)SCCNC(=O)CCNC(=O)[C@H](O)C(C)(C)COP(=O)(O)OP(=O)(O)OC[C@H]1O[C@@H](n2cnc3c(N)ncnc32)[C@H](O)[C@@H]1OP(=O)(O)O,56.0
"2,3-Dihydroxybenzoate",O=C(O)c1cccc(O)c1O,11.0
3-Oxohexadecanoyl-CoA,CCCCCCCCCCCCCC(=O)CC(=O)SCCNC(=O)CCNC(=O)[C@H](O)C(C)(C)COP(=O)([O-])OP(=O)([O-])OC[C@H]1O[C@@H](n2cnc3c(N)ncnc32)[C@H](O)[C@@H]1OP(=O)([O-])[O-],66.0
2-Dehydro-D-gluconate,O=C(O)C(=O)[C@@H](O)[C@H](O)[C@H](O)CO,13.0
"(2,3-Dihydroxybenzoyl)adenylate",Nc1ncnc2c1ncn2[C@@H]1O[C@H](COP(=O)([O-])OC(=O)c2cccc(O)c2O)[C@@H](O)[C@H]1O,33.0
"2,3-dihydroxybenzoylserine",O=C(N[C@@H](CO)C(=O)O)c1cccc(O)c1O,17.0
3-Oxooctanoyl-CoA,CCCCCC(=O)CC(=O)SCCNC(=O)CCNC(=O)[C@H](O)C(C)(C)COP(=O)(O)OP(=O)(O)OC[C@H]1O[C@@H](n2cnc3c(N)ncnc32)[C@H](O)[C@@H]1OP(=O)(O)O,58.0
2-Dehydropantoate,CC(C)(CO)C(=O)C(=O)[O-],10.0
"2,3-Dihydrodipicolinate",O=C(O)C1=N[C@H](C(=O)O)CC=C1,12.0
2-Demethylmenaquinone 8,CC(C)=CCC/C(C)=C/CC/C(C)=C/CC/C(C)=C/CC/C(C)=C/CC/C(C)=C/CC/C(C)=C/CC/C(C)=C/CC1=CC(=O)c2ccccc2C1=O,52.0
3-Oxooctadecanoyl-CoA,CCCCCCCCCCCCCCCC(=O)CC(=O)SCCNC(=O)CCNC(=O)[C@H](O)C(C)(C)COP(=O)(O)OP(=O)(O)OC[C@H]1O[C@@H](n2cnc3c(N)ncnc32)[C@H](O)[C@@H]1OP(=O)(O)O,68.0
2-Demethylmenaquinol 8,CC(C)=CCC/C(C)=C/CC/C(C)=C/CC/C(C)=C/CC/C(C)=C/CC/C(C)=C/CC/C(C)=C/CC/C(C)=C/Cc1cc(O)c2ccccc2c1O,52.0
2-Deoxy-D-ribose 1-phosphate,O=P(O)(O)OC1C[C@H](O)[C@@H](CO)O1,13.0
"(R)-2,3-Dihydroxy-3-methylbutanoate",CC(C)(O)[C@@H](O)C(=O)[O-],9.0
2-Deoxy-D-ribose 5-phosphate,O=CC[C@H](O)[C@H](O)COP(=O)(O)O,13.0
2-Hydroxy-3-oxopropanoate,O=CC(O)C(=O)[O-],7.0
3-Oxohexadecanoyl-[acyl-carrier protein],*SC(=O)CC(=O)CCCCCCCCCCCCC,19.0
3-Octaprenyl-4-hydroxybenzoate,CC(C)=CCC/C(C)=C/CC/C(C)=C/CC/C(C)=C/CC/C(C)=C/CC/C(C)=C/CC/C(C)=C/CC/C(C)=C/Cc1cc(C(=O)[O-])ccc1O,50.0
"(R)-2,3-Dihydroxy-3-methylpentanoate",CC[C@@](C)(O)[C@@H](O)C(=O)[O-],10.0
3-Oxotetradecanoyl-CoA,CCCCCCCCCCCC(=O)CC(=O)SCCNC(=O)CCNC(=O)[C@H](O)C(C)(C)COP(=O)([O-])OP(=O)([O-])OC[C@H]1O[C@@H](n2cnc3c(N)ncnc32)[C@H](O)[C@@H]1OP(=O)([O-])[O-],64.0
"2,3-Dioxo-L-gulonate",O=C([O-])C(=O)C(=O)[C@H](O)[C@@H](O)CO,13.0
3-Phospho-D-glycerate,O=C(O)[C@H](O)COP(=O)(O)O,11.0
(S)-2-[5-Amino-1-(5-phospho-D-ribosyl)imidazole-4-carboxamido]succinate,Nc1c(C(=O)N[C@@H](CC(=O)O)C(=O)O)ncn1[C@@H]1O[C@H](COP(=O)(O)O)[C@@H](O)[C@H]1O,30.0
3-Phosphohydroxypyruvate,O=C([O-])C(=O)COP(=O)([O-])[O-],11.0
5-O-(1-Carboxyvinyl)-3-phosphoshikimate,C=C(O[C@@H]1CC(C(=O)[O-])=C[C@@H](OP(=O)([O-])[O-])[C@H]1O)C(=O)[O-],21.0
"2,5-diketo-D-gluconate",O=C(O)C(=O)[C@@H](O)[C@H](O)C(=O)CO,13.0
2-Isopropylmaleate,CC(C)/C(=C/C(=O)O)C(=O)O,11.0
3-Sulfino-L-alanine,[NH3+][C@@H](CS(=O)[O-])C(=O)[O-],9.0
"2,5-Diamino-6-(ribosylamino)-4-(3H)-pyrimidinone 5'-phosphate",Nc1nc(N[C@@H]2O[C@H](COP(=O)([O-])[O-])[C@@H](O)[C@H]2O)c(N)c(=O)[nH]1,23.0
3  UMP C9H11N2O9P,O=c1ccn([C@@H]2O[C@H](CO)[C@@H](OP(=O)(O)O)[C@H]2O)c(=O)[nH]1,21.0
2-keto-4-methylthiobutyrate,CSCCC(=O)C(=O)[O-],9.0
"LL-2,6-Diaminoheptanedioate",N[C@@H](CCC[C@H](N)C(=O)O)C(=O)O,13.0
2-Methyl-4-amino-5-hydroxymethylpyrimidine diphosphate,Cc1ncc(COP(=O)(O)OP(=O)(O)O)c(N)n1,18.0
4-Aminobutanoate,NCCCC(=O)O,7.0
Cis-2-Methylaconitate,C/C(C(=O)[O-])=C(\CC(=O)[O-])C(=O)[O-],13.0
2-Methylcitrate,C[C@H](C(=O)O)[C@](O)(CC(=O)O)C(=O)O,14.0
2-C-methyl-D-erythritol 4-phosphate,C[C@](O)(CO)[C@H](O)COP(=O)([O-])[O-],13.0
5-Methylthio-5-deoxy-D-ribulose 1-phosphate,CSC[C@@H](O)[C@@H](O)C(=O)COP(=O)([O-])[O-],15.0
4-Aminobutanal,[NH3+]CCCC=O,6.0
4-Aminobenzoate,Nc1ccc(C(=O)O)cc1,10.0
4-amino-4-deoxychorismate,C=C(O[C@@H]1C=C(C(=O)[O-])C=C[C@H]1N)C(=O)[O-],16.0
"2-C-methyl-D-erythritol 2,4-cyclodiphosphate",C[C@@]1(CO)OP(=O)([O-])OP(=O)([O-])OC[C@H]1O,16.0
2-Oxobutanoate,CCC(=O)C(=O)[O-],7.0
4-Amino-5-hydroxymethyl-2-methylpyrimidine,Cc1ncc(CO)c(N)n1,10.0
5-Methylthioadenosine,CSC[C@H]1O[C@@H](n2cnc3c(N)ncnc32)[C@H](O)[C@@H]1O,20.0
5-Methyltetrahydrofolate,CN1c2c(nc(N)[nH]c2=O)NC[C@@H]1CNc1ccc(C(=O)N[C@@H](CCC(=O)[O-])C(=O)[O-])cc1,33.0
2-Octaprenyl-6-hydroxyphenol,CC(C)=CCC/C(C)=C/CC/C(C)=C/CC/C(C)=C/CC/C(C)=C/CC/C(C)=C/CC/C(C)=C/CC/C(C)=C/Cc1cccc(O)c1O,48.0
4-(cytidine 5'-diphospho)-2-C-methyl-D-erythritol,C[C@](O)(CO)[C@H](O)COP(=O)(O)OP(=O)(O)OC[C@H]1O[C@@H](n2ccc(N)nc2=O)[C@H](O)[C@@H]1O,33.0
4-Hydroxy-2-oxopentanoate,CC(O)CC(=O)C(=O)[O-],9.0
5-Methylthio-D-ribose,CSC[C@@H](O)[C@@H](O)[C@@H](O)C=O,11.0
"2-Octaprenyl-6-methoxy-1,4-benzoquinol",COc1cc(O)cc(C/C=C(\C)CC/C=C(\C)CC/C=C(\C)CC/C=C(\C)CC/C=C(\C)CC/C=C(\C)CC/C=C(\C)CCC=C(C)C)c1O,50.0
"N1-(5-Phospho-alpha-D-ribosyl)-5,6-dimethylbenzimidazole",Cc1cc2ncn([C@H]3O[C@H](COP(=O)(O)O)[C@@H](O)[C@H]3O)c2cc1C,24.0
"2-Octaprenyl-3-methyl-5-hydroxy-6-methoxy-1,4-benzoquinol",COc1c(O)c(O)c(C)c(C/C=C(\C)CC/C=C(\C)CC/C=C(\C)CC/C=C(\C)CC/C=C(\C)CC/C=C(\C)CC/C=C(\C)CCC=C(C)C)c1O,52.0
6-hydroxymethyl dihydropterin,Nc1nc(O)c2c(n1)NCC(CO)=N2,14.0
"2-Octaprenyl-3-methyl-6-methoxy- 1,4-benzoquinol",COc1cc(O)c(C)c(C/C=C(\C)CC/C=C(\C)CC/C=C(\C)CC/C=C(\C)CC/C=C(\C)CC/C=C(\C)CC/C=C(\C)CCC=C(C)C)c1O,51.0
4-Hydroxy-benzyl alcohol,OCc1ccc(O)cc1,9.0
6-hydroxymethyl-dihydropterin pyrophosphate,Nc1nc(O)c2c(n1)NCC(COP(=O)(O)OP(=O)(O)O)=N2,22.0
4-Hydroxybenzoate,O=C(O)c1ccc(O)cc1,10.0
2-Octaprenyl-6-methoxyphenol,COc1cccc(C/C=C(\C)CC/C=C(\C)CC/C=C(\C)CC/C=C(\C)CC/C=C(\C)CC/C=C(\C)CC/C=C(\C)CCC=C(C)C)c1O,49.0
6-Phospho-D-gluconate,O=C([O-])[C@H](O)[C@@H](O)[C@H](O)[C@H](O)COP(=O)(O)O,17.0
2-Octaprenylphenol,CC(C)=CCC/C(C)=C/CC/C(C)=C/CC/C(C)=C/CC/C(C)=C/CC/C(C)=C/CC/C(C)=C/CC/C(C)=C/Cc1ccccc1O,47.0
2-phospho-4-(cytidine 5'-diphospho)-2-C-methyl-D-erythritol,C[C@@](CO)(OP(=O)([O-])[O-])[C@H](O)COP(=O)([O-])OP(=O)([O-])OC[C@H]1O[C@@H](n2ccc(N)nc2=O)[C@H](O)[C@@H]1O,37.0
D-Glycerate 2-phosphate,O=C([O-])[C@@H](CO)OP(=O)([O-])[O-],11.0
4-Hydroxyphenylacetaldehyde,O=CCc1ccc(O)cc1,10.0
"6-phospho-D-glucono-1,5-lactone",O=C1O[C@H](COP(=O)([O-])[O-])[C@@H](O)[C@H](O)[C@H]1O,16.0
4-Hydroxy-L-threonine,[NH3+][C@H](C(=O)[O-])[C@H](O)CO,9.0
2-Phosphoglycolate,O=C(O)COP(=O)(O)O,9.0
8-Amino-7-oxononanoate,CC([NH3+])C(=O)CCCCCC(=O)[O-],13.0
"2-Succinyl-6-hydroxy-2,4-cyclohexadiene-1-carboxylate",O=C(O)CCC(=O)C1=CC=C[C@@H](O)[C@@H]1C(=O)O,17.0
4-Methyl-5-(2-hydroxyethyl)-thiazole,Cc1ncsc1CCO,9.0
4-Methyl-2-oxopentanoate,CC(C)CC(=O)C(=O)O,9.0
Acyl carrier protein,*S,1.0
4-Methyl-5-(2-phosphoethyl)-thiazole,Cc1ncsc1CCOP(=O)([O-])[O-],13.0
4-Phospho-L-aspartate,N[C@@H](CC(=O)OP(=O)([O-])[O-])C(=O)[O-],13.0
4-Phospho-D-erythronate,O=C([O-])[C@H](O)[C@H](O)COP(=O)([O-])[O-],13.0
D-4'-Phosphopantothenate,CC(C)(COP(=O)([O-])O)[C@@H](O)C(=O)NCCC(=O)[O-],19.0
2'-(5''-triphosphoribosyl)-3'-dephospho-CoA,CC(C)(COP(=O)(O)OP(=O)(O)OC[C@H]1O[C@@H](n2cnc3c(N)ncnc32)[C@H](O[C@H]2O[C@H](COP(=O)(O)OP(=O)(O)OP(=O)(O)O)[C@@H](O)[C@H]2O)[C@@H]1O)[C@@H](O)C(=O)NCCC(=O)NCCS,65.0
"3,4-Dihydroxyphenylacetaldehyde",O=CCc1ccc(O)c(O)c1,11.0
N-((R)-4-Phosphopantothenoyl)-L-cysteine,CC(C)(COP(=O)(O)O)[C@@H](O)C(=O)NCCC(=O)N[C@@H](CS)C(=O)O,25.0
4-(1-D-Ribitylamino)-5-aminouracil,Nc1c(NC[C@H](O)[C@H](O)[C@H](O)CO)[nH]c(=O)[nH]c1=O,19.0
5-amino-1-(5-phospho-D-ribosyl)imidazole-4-carboxylate,Nc1c(C(=O)[O-])[nH+]cn1[C@@H]1O[C@H](COP(=O)([O-])[O-])[C@@H](O)[C@H]1O,22.0
5-Amino-4-oxopentanoate,[NH3+]CC(=O)CCC(=O)[O-],9.0
5-Amino-6-(5'-phosphoribitylamino)uracil,Nc1c(NC[C@H](O)[C@H](O)[C@H](O)COP(=O)([O-])[O-])[nH]c(=O)[nH]c1=O,23.0
3-(4-Hydroxyphenyl)pyruvate,O=C([O-])C(=O)Cc1ccc(O)cc1,13.0
3  AMP C10H12N5O7P,Nc1ncnc2c1ncn2[C@@H]1O[C@H](CO)[C@@H](OP(=O)(O)O)[C@H]1O,23.0
5-Amino-6-(5'-phosphoribosylamino)uracil,Nc1c(N[C@@H]2O[C@H](COP(=O)([O-])[O-])[C@@H](O)[C@H]2O)[nH]c(=O)[nH]c1=O,23.0
L-alanine-D-glutamate,C[C@H](N)C(=O)N[C@H](CCC(=O)O)C(=O)O,15.0
5-phosphoribosyl-5-carboxyaminoimidazole,O=C(O)Nc1cncn1[C@@H]1O[C@H](COP(=O)(O)O)[C@@H](O)[C@H]1O,22.0
3-Carboxy-2-hydroxy-4-methylpentanoate,CC(C)[C@H](C(=O)[O-])[C@@H](O)C(=O)[O-],12.0
3-Carboxy-3-hydroxy-4-methylpentanoate,CC(C)[C@@](O)(CC(=O)O)C(=O)O,12.0
L-alanine-L-glutamate,C[C@H]([NH3+])C(=O)N[C@@H](CCC(=O)[O-])C(=O)[O-],15.0
3-Carboxy-4-methyl-2-oxopentanoate,CC(C)[C@H](C(=O)[O-])C(=O)C(=O)[O-],12.0
5-Dehydro-D-gluconate,O=C(CO)[C@@H](O)[C@H](O)[C@@H](O)C(=O)O,13.0
N1-Acetylspermidine,CC(=O)NCCC[NH2+]CCCC[NH3+],13.0
N-Methyltryptophan,Cc1[nH]c2ccccc2c1C[C@H](N)C(=O)O,16.0
S-Formylglutathione,N[C@@H](CCC(=O)N[C@@H](CSC=O)C(=O)NCC(=O)O)C(=O)O,22.0
5-Dehydro-4-deoxy-D-glucarate,O=C([O-])C(=O)C[C@H](O)[C@@H](O)C(=O)[O-].[H+],13.0
Aminoacetaldehyde,[NH3+]CC=O,4.0
5'-deoxyribose,C[C@@H](O)[C@@H](O)[C@@H](O)C=O,9.0
Acetoacetyl-CoA,CC(=O)CC(=O)SCCNC(=O)CCNC(=O)[C@H](O)C(C)(C)COP(=O)(O)OP(=O)(O)OC[C@H]1O[C@@H](n2cnc3c(N)ncnc32)[C@H](O)[C@@H]1OP(=O)(O)O,54.0
5-Methylthio-5-deoxy-D-ribose 1-phosphate,CSC[C@H]1O[C@H](OP(=O)([O-])[O-])[C@H](O)[C@@H]1O,15.0
3  CMP C9H12N3O8P,Nc1ccn([C@@H]2O[C@H](CO)[C@@H](OP(=O)(O)O)[C@H]2O)c(=O)n1,21.0
Aminoacetone,CC(=O)C[NH3+],5.0
Acetyl-ACP,*SC(C)=O,4.0
3-Dehydro-L-gulonate,O=C(O)[C@@H](O)C(=O)[C@H](O)[C@@H](O)CO,13.0
Silver,[Ag+],1.0
Acetate,CC(=O)O,4.0
Adenosine-GDP-cobinamide,CC1=C2[N+]3=C(C=C4[N+]5=C(C(C)=C6N7[C@H]([C@H](CC(N)=O)[C@@]6(C)CCC(=O)NC[C@@H](C)OP(=O)(O)OP(=O)(O)OC[C@H]6O[C@@H](n8cnc9c(=O)[nH]c(N)nc98)[C@H](O)[C@@H]6O)[C@]6(C)[N+](=C1[C@@H](CCC(N)=O)[C@]6(C)CC(N)=O)[Co-2]753C[C@H]1O[C@@H](n3cnc5c(N)ncnc53)[C@H](O)[C@@H]1O)[C@@H](CCC(N)=O)C4(C)C)[C@@H](CCC(N)=O)[C@]2(C)CC(N)=O,113.0
Agmatine,N=C(N)NCCCCN,9.0
Acetoacetate,C=C(O)CC(=O)O,7.0
L-Aspartate,N[C@@H](CC(=O)O)C(=O)O,9.0
S-Adenosyl-L-homocysteine,Nc1ncnc2c1ncn2[C@@H]1O[C@H](CSCC[C@H](N)C(=O)O)[C@@H](O)[C@H]1O,26.0
"2-Amino-4-hydroxy-6-(erythro-1,2,3-trihydroxypropyl)dihydropteridine triphosphate",Nc1nc2c(c(=O)[nH]1)N=C([C@H](O)[C@H](O)COP(=O)(O)OP(=O)(O)OP(=O)(O)O)CN2,30.0
L-Aspartate 4-semialdehyde,N[C@@H](CC=O)C(=O)O,8.0
5-Amino-1-(5-Phospho-D-ribosyl)imidazole-4-carboxamide,NC(=O)c1ncn([C@@H]2O[C@H](COP(=O)([O-])[O-])[C@@H](O)[C@H]2O)c1N,22.0
Acetaldehyde,CC=O,3.0
5-amino-1-(5-phospho-D-ribosyl)imidazole,Nc1cncn1C1O[C@H](COP(=O)(O)O)[C@@H](O)[C@H]1O,19.0
L-Allo-threonine,C[C@H](O)[C@H]([NH3+])C(=O)[O-],8.0
2-Oxoglutarate,O=C([O-])CCC(=O)C(=O)[O-],10.0
ATP C10H12N5O13P3,Nc1ncnc2c1ncn2[C@@H]1O[C@H](COP(=O)(O)OP(=O)(O)OP(=O)(O)O)[C@@H](O)[C@H]1O,31.0
N-Acetylanthranilate,CC(=O)Nc1ccccc1C(=O)[O-],13.0
Crotonoyl-CoA,C/C=C/C(=O)SCCNC(=O)CCNC(=O)[C@H](O)C(C)(C)COP(=O)(O)OP(=O)(O)OC[C@H]1O[C@@H](n2cnc3c(N)ncnc32)[C@H](O)[C@@H]1OP(=O)(O)O,53.0
Acetyl-CoA,CC(=O)SCCNC(=O)CCNC(=O)[C@H](O)C(C)(C)COP(=O)([O-])OP(=O)([O-])OC[C@H]1O[C@@H](n2cnc3c(N)ncnc32)[C@H](O)[C@@H]1OP(=O)([O-])[O-],51.0
Beta-Alanine,NCCC(=O)[O-],6.0
Gamma-butyrobetainyl-CoA,CC(C)(COP(=O)([O-])OP(=O)([O-])OC[C@H]1O[C@@H](n2cnc3c(N)ncnc32)[C@H](O)[C@@H]1OP(=O)([O-])[O-])[C@@H](O)C(=O)NCCC(=O)NCCSC(=O)CCC[N+](C)(C)C,57.0
Acetol cytosol,CC(=O)CO,5.0
Betaine aldehyde,C[N+](C)(C)CC=O,7.0
N-Acetyl-L-glutamyl 5-phosphate,CC(=O)N[C@@H](CCC(=O)OP(=O)(O)O)C(=O)O,17.0
D-Alanine,C[C@@H]([NH3+])C(=O)[O-],6.0
Butanal C4H8O,CCCC=O,5.0
N-Acetyl-L-glutamate 5-semialdehyde,CC(=O)N[C@@H](CCC=O)C(=O)O,12.0
Butanoyl-CoA,CCCC(=O)SCCNC(=O)CCNC(=O)[C@H](O)C(C)(C)COP(=O)([O-])OP(=O)([O-])OC[C@H]1O[C@@H](n2cnc3c(N)ncnc32)[C@H](O)[C@@H]1OP(=O)([O-])[O-],53.0
N-Acetyl-D-galactosamine 1-phosphate,CC(=O)N[C@H]1C(OP(=O)(O)O)O[C@H](CO)[C@H](O)[C@@H]1O,19.0
L-Alanine,CC([NH3+])C(=O)O,6.0
Biotin,O=C([O-])CCCC[C@@H]1SC[C@@H]2NC(=O)N[C@H]12,16.0
D-biotin d-sulfoxide,O=C([O-])CCCC[C@H]1[C@H]2NC(=O)N[C@H]2CS1=O,17.0
N-Acetyl-D-galactosamine,CC(=O)N[C@H]1C(O)O[C@H](CO)[C@H](O)[C@@H]1O,15.0
D-Alanyl-D-alanine,C[C@@H](N)C(=O)N[C@H](C)C(=O)O,11.0
N-Acetyl-D-glucosamine 1-phosphate,CC(=O)N[C@H]1C(OP(=O)(O)O)O[C@H](CO)[C@@H](O)[C@@H]1O,19.0
(S)-2-Acetolactate,CC(=O)[C@](C)(O)C(=O)O,9.0
N-Acetyl-D-glucosamine 6-phosphate,CC(=O)N[C@H]1C(O)O[C@H](COP(=O)([O-])[O-])[C@@H](O)[C@@H]1O,19.0
Calcium,[Ca+2],1.0
D-Allose 6-phosphate,O=C[C@H](O)[C@H](O)[C@H](O)[C@H](O)COP(=O)([O-])[O-],16.0
D-Allose,OC[C@H]1OC(O)[C@H](O)[C@H](O)[C@@H]1O,12.0
N-Acetyl-D-glucosamine,CC(=O)N[C@H]1C(O)O[C@H](CO)[C@@H](O)[C@@H]1O,15.0
CAMP C10H11N5O6P,Nc1ncnc2c1ncn2[C@@H]1O[C@@H]2COP(=O)(O)O[C@H]2[C@H]1O,22.0
Allantoin,NC(=O)NC1NC(=O)NC1=O,11.0
N-Carbamoyl-L-aspartate,NC(=O)N[C@@H](CC(=O)[O-])C(=O)[O-],12.0
6-Acetyl-D-glucose,CC(=O)OC[C@H]1OC(O)[C@H](O)[C@@H](O)[C@@H]1O,15.0
Allantoate,NC(=O)NC(NC(N)=O)C(=O)O,12.0
N-Acetyl-L-glutamate,CC(=O)N[C@@H](CCC(=O)O)C(=O)O,13.0
Allulose 6-phosphate,O=C(CO)[C@H](O)[C@H](O)[C@H](O)COP(=O)(O)O,16.0
N-Acetyl-D-mannosamine,CC(=O)N[C@H](C=O)[C@@H](O)[C@H](O)[C@H](O)CO,15.0
D-Altronate,O=C(O)[C@@H](O)[C@H](O)[C@H](O)[C@H](O)CO,13.0
S-Adenosyl-L-methionine,C[S@@+](CC[C@H](N)C(=O)O)C[C@H]1O[C@@H](n2cnc3c(N)ncnc32)[C@H](O)[C@@H]1O,27.0
S-Adenosylmethioninamine,C[S+](CCCN)C[C@H]1O[C@@H](n2cnc3c(N)ncnc32)[C@H](O)[C@@H]1O,24.0
N-Acetyl-D-mannosamine 6-phosphate,CC(=O)N[C@@H]1[C@@H](O)O[C@H](COP(=O)(O)O)[C@@H](O)[C@@H]1O,19.0
Cob(I)alamin,CC1=C2[N+]3=C(C=C4[N+]5=C(C(C)=C6N7[C@@H]8[C@H](CC(N)=O)[C@@]6(C)CCC(=O)NC[C@@H](C)OP(=O)([O-])O[C@@H]6[C@@H](CO)O[C@@H]([C@@H]6O)n6c[n+](c9cc(C)c(C)cc96)[Co-4]753[N+]3=C1[C@@H](CCC(N)=O)[C@](C)(CC(N)=O)[C@]83C)[C@@H](CCC(N)=O)C4(C)C)[C@@H](CCC(N)=O)[C@]2(C)CC(N)=O,91.0
S-Adenosyl-4-methylthio-2-oxobutanoate,C[S+](CCC(=O)C(=O)[O-])C[C@H]1O[C@@H](n2cnc3c(N)ncnc32)[C@H](O)[C@@H]1O,27.0
N-acetylmuramate 6-phosphate,CC(=O)N[C@H]1C(O)O[C@H](COP(=O)(O)O)[C@@H](O)[C@@H]1O[C@H](C)C(=O)O,24.0
AMP C10H12N5O7P,Nc1ncnc2c1ncn2[C@@H]1O[C@H](COP(=O)(O)O)[C@@H](O)[C@H]1O,23.0
N-Acetylmuramate,CC(=O)N[C@H]1C(O)O[C@H](CO)[C@@H](O)[C@@H]1O[C@H](C)C(=O)O,20.0
Carbamoyl phosphate,NC(=O)OP(=O)([O-])[O-],8.0
Cadmium,[Cd+2],1.0
N-Acetylneuraminate,CC(=O)N[C@@H]1[C@@H](O)C[C@@](O)(C(=O)O)O[C@H]1[C@H](O)[C@H](O)CO,21.0
CDP C9H12N3O11P2,Nc1ccn([C@@H]2O[C@H](COP(=O)(O)OP(=O)(O)O)[C@@H](O)[C@H]2O)c(=O)n1,25.0
"CDP-1,2-dihexadec-9-enoylglycerol",CCCCCCC=CCCCCCCCC(=O)OC[C@H](COP(=O)(O)OP(=O)(O)OC[C@H]1O[C@@H](n2ccc(N)nc2=O)[C@H](O)[C@@H]1O)OC(=O)CCCCCCCC=CCCCCCC,64.0
Cis-Aconitate,O=C([O-])/C=C(/CC(=O)[O-])C(=O)[O-],12.0
Trans-Aconitate,O=C([O-])C=C(CC(=O)[O-])C(=O)[O-],12.0
"CDP-1,2-dioctadec-11-enoylglycerol",CCCCCCC=CCCCCCCCCCC(=O)OC[C@H](COP(=O)(O)OP(=O)(O)OC[C@H]1O[C@@H](n2ccc(N)nc2=O)[C@H](O)[C@@H]1O)OC(=O)CCCCCCCCCC=CCCCCCC,68.0
E-3-carboxy-2-pentenedioate 6-methyl ester,COC(=O)/C(=C/C(=O)[O-])CC(=O)[O-],13.0
"CDP-1,2-dioctadecanoylglycerol",CCCCCCCCCCCCCCCCCC(=O)OC[C@H](COP(=O)(O)OP(=O)(O)OC[C@H]1O[C@@H](n2ccc(N)nc2=O)[C@H](O)[C@@H]1O)OC(=O)CCCCCCCCCCCCCCCCC,68.0
N2-Acetyl-L-ornithine,CC(=O)N[C@@H](CCCN)C(=O)O,12.0
"CDP-1,2-ditetradec-7-enoylglycerol",CCCCCCC=CCCCCCC(=O)OC[C@H](COP(=O)(O)OP(=O)(O)OC[C@H]1O[C@@H](n2ccc(N)nc2=O)[C@H](O)[C@@H]1O)OC(=O)CCCCCC=CCCCCCC,60.0
Anthranilate,Nc1ccccc1C(=O)O,10.0
O-Acetyl-L-serine,CC(=O)OC[C@H]([NH3+])C(=O)[O-],10.0
"P1,P4-Bis(5'-adenosyl) tetraphosphate",Nc1ncnc2c1ncn2[C@@H]1O[C@H](COP(=O)([O-])OP(=O)([O-])OP(=O)([O-])OP(=O)([O-])OC[C@H]2O[C@@H](n3cnc4c(N)ncnc43)[C@H](O)[C@@H]2O)[C@@H](O)[C@H]1O,53.0
"P1,P5-Bis(5'-adenosyl) pentaphosphate",Nc1ncnc2c1ncn2[C@@H]1O[C@H](COP(=O)([O-])OP(=O)([O-])OP(=O)([O-])OP(=O)([O-])OP(=O)([O-])OC[C@H]2O[C@@H](n3cnc4c(N)ncnc43)[C@H](O)[C@@H]2O)[C@@H](O)[C@H]1O,57.0
"CDP-1,2-ditetradecanoylglycerol",CCCCCCCCCCCCCC(=O)OC[C@H](COP(=O)(O)OP(=O)(O)OC[C@H]1O[C@@H](n2ccc(N)nc2=O)[C@H](O)[C@@H]1O)OC(=O)CCCCCCCCCCCCC,60.0
"Cis-3-(3-carboxyethyl)-3,5-cyclohexadiene-1,2-diol",O=C([O-])CCC1=CC=C[C@@H](O)[C@H]1O,13.0
Acetoacetyl-ACP,*SC(=O)CC(C)=O,7.0
"Cis-3-(3-carboxyethenyl)-3,5-cyclohexadiene-1,2-diol",O=C(O)/C=C/C1=CC=C[C@H](O)[C@@H]1O,13.0
Acetyl phosphate,CC(=O)OP(=O)([O-])O,8.0
Cys Gly C5H10N2O3S,[NH3+][C@@H](CS)C(=O)NCC(=O)[O-],11.0
Adenine,Nc1ncnc2[nH]cnc12,10.0
Choline C5H14NO,C[N+](C)(C)CCO,7.0
Adenosine,Nc1ncnc2c1ncn2[C@@H]1O[C@H](CO)[C@@H](O)[C@H]1O,19.0
Chorismate,C=C(O[C@@H]1C=C(C(=O)O)C=C[C@H]1O)C(=O)O,16.0
Trans-Cinnamate,O=C([O-])C=Cc1ccccc1,11.0
Adenosine 5'-phosphosulfate,Nc1ncnc2c1ncn2[C@@H]1O[C@H](COP(=O)([O-])OS(=O)(=O)[O-])[C@@H](O)[C@H]1O,27.0
D-Arabinose 5-phosphate,O=C[C@@H](O)[C@H](O)[C@H](O)COP(=O)([O-])[O-],14.0
L-Arabinose,O=C[C@H](O)[C@@H](O)[C@@H](O)CO,10.0
Citrate,O=C(O)CC(O)(CC(=O)O)C(=O)[O-],13.0
L-Citrulline,NC(=O)NCCCC(N)C(=O)O,12.0
Adenosyl cobinamide phosphate,CC1=C2[N+]3=C(C=C4[N+]5=C(C(C)=C6N7[C@H]([C@H](CC(N)=O)[C@@]6(C)CCC(=O)NC[C@@H](C)OP(=O)(O)O)[C@]6(C)[N+](=C1[C@@H](CCC(N)=O)[C@]6(C)CC(N)=O)[Co-2]753C[C@H]1O[C@@H](n3cnc5c(N)ncnc53)[C@H](O)[C@@H]1O)[C@@H](CCC(N)=O)C4(C)C)[C@@H](CCC(N)=O)[C@]2(C)CC(N)=O,90.0
Arbutin 6-phosphate,O=P(O)(O)OC[C@H]1O[C@@H](Oc2ccc(O)cc2)[C@H](O)[C@@H](O)[C@@H]1O,23.0
CMP-3-deoxy-D-manno-octulosonate,Nc1ccn([C@@H]2O[C@H](COP(=O)([O-])O[C@]3(C(=O)[O-])C[C@@H](O)[C@@H](O)[C@@H]([C@H](O)CO)O3)[C@@H](O)[C@H]2O)c(=O)n1,36.0
Chloride,Cl,1.0
Aerobactin,CC(=O)N(O)CCCC[C@H](NC(=O)CC(O)(CC(=O)N[C@@H](CCCCN(O)C(C)=O)C(=O)O)C(=O)O)C(=O)O,39.0
ADP C10H12N5O10P2,Nc1ncnc2c1ncn2[C@@H]1O[C@H](COP(=O)(O)OP(=O)(O)O)[C@@H](O)[C@H]1O,27.0
ADPglucose C16H23N5O15P2,Nc1ncnc2c1ncn2[C@@H]1O[C@H](COP(=O)([O-])OP(=O)([O-])O[C@H]2O[C@H](CO)[C@@H](O)[C@H](O)[C@H]2O)[C@@H](O)[C@H]1O,38.0
"Cardiolipin (tetratetradecanoyl, n-C14:0)",CCCCCCCCCCCCCC(=O)OC[C@H](COP(=O)(O)OCC(O)COP(=O)(O)OC[C@@H](COC(=O)CCCCCCCCCCCCC)OC(=O)CCCCCCCCCCCCC)OC(=O)CCCCCCCCCCCCC,84.0
"Cardiolipin (tetrahexadecanoyl, n-C16:0)",CCCCCCCCCCCCCCCC(=O)OC[C@H](COP(=O)(O)OCC(O)COP(=O)(O)OC[C@@H](COC(=O)CCCCCCCCCCCCCCC)OC(=O)CCCCCCCCCCCCCCC)OC(=O)CCCCCCCCCCCCCCC,92.0
L-Arginine,NC(=[NH2+])NCCC[C@H]([NH3+])C(=O)O,12.0
ADP-D-glycero-D-manno-heptose,Nc1ncnc2c1ncn2[C@@H]1O[C@H](COP(=O)([O-])OP(=O)([O-])OC2O[C@H]([C@H](O)CO)[C@@H](O)[C@H](O)[C@@H]2O)[C@@H](O)[C@H]1O,40.0
"Cardiolipin (tetrahexadec-9-enoyl, n-C16:1)",CCCCCCC=CCCCCCCCC(=O)OC[C@H](COP(=O)(O)OCC(O)COP(=O)(O)OC[C@@H](COC(=O)CCCCCCCC=CCCCCCC)OC(=O)CCCCCCCC=CCCCCCC)OC(=O)CCCCCCCC=CCCCCCC,92.0
ADP-L-glycero-D-manno-heptose,Nc1ncnc2c1ncn2[C@@H]1O[C@H](COP(=O)([O-])OP(=O)([O-])OC2O[C@H]([C@@H](O)CO)[C@@H](O)[C@H](O)[C@@H]2O)[C@@H](O)[C@H]1O,40.0
ADPribose C15H21N5O14P2,Nc1ncnc2c1ncn2[C@@H]1O[C@H](COP(=O)(O)OP(=O)(O)OC[C@H]2OC(O)[C@H](O)[C@@H]2O)[C@@H](O)[C@H]1O,36.0
N(omega)-(L-Arginino)succinate,[NH2+]=C(NCCC[C@H]([NH3+])C(=O)[O-])NC(CC(=O)[O-])C(=O)[O-],20.0
"Cardiolipin (tetraoctadec-11-enoyl, n-C18:1)",CCCCCCC=CCCCCCCCCCC(=O)OC[C@H](COP(=O)(O)OCC(O)COP(=O)(O)OC[C@@H](COC(=O)CCCCCCCCCC=CCCCCCC)OC(=O)CCCCCCCCCC=CCCCCCC)OC(=O)CCCCCCCCCC=CCCCCCC,100.0
CMP C9H12N3O8P,Nc1ccn([C@@H]2O[C@H](COP(=O)([O-])[O-])[C@@H](O)[C@H]2O)c(=O)n1,21.0
L-ascorbate-6-phosphate,O=C1O[C@H]([C@@H](O)COP(=O)([O-])[O-])C([O-])=C1O,16.0
L-Ascorbate,O=C1O[C@H]([C@@H](O)CO)C(O)=C1O,12.0
CO2 CO2,O=C=O,3.0
Coprogen,CC(=O)N[C@@H](CCCN([O-])C(=O)/C=C(\C)CCO)C(=O)OCC/C(C)=C/C(=O)N([O-])CCC[C@@H]1NC(=O)[C@H](CCCN([O-])C(=O)/C=C(\C)CCO)NC1=O.[Fe+3],55.0
L-Asparagine,NC(=O)CC(N)C(=O)O,9.0
Coenzyme A,CC(C)(COP(=O)([O-])OP(=O)([O-])OC[C@H]1O[C@@H](n2cnc3c(N)ncnc32)[C@H](O)[C@@H]1OP(=O)([O-])[O-])[C@@H](O)C(=O)NCCC(=O)NCCS,48.0
Co2+,[Co+2],1.0
Coproporphyrinogen III,Cc1c2[nH]c(c1CCC(=O)O)Cc1[nH]c(c(CCC(=O)O)c1C)Cc1[nH]c(c(CCC(=O)O)c1C)Cc1[nH]c(c(C)c1CCC(=O)O)C2,48.0
Arsenite,O[As](O)O,4.0
D-carnitinyl-CoA,CC(C)(COP(=O)([O-])OP(=O)(O)OC[C@H]1O[C@@H](n2cnc3c(N)ncnc32)[C@H](O)[C@@H]1OP(=O)(O)O)[C@@H](O)C(=O)NCCC(=O)NCCSC(=O)C[C@H](O)C[N+](C)(C)C,58.0
D-Carnitine,C[N+](C)(C)C[C@@H](O)CC(=O)O,11.0
Arsenate,O=[As]([O-])(O)O,5.0
L-Carnitine,C[N+](C)(C)C[C@H](O)CC(=O)[O-],11.0
L-Carnitinyl-CoA,CC(C)(COP(=O)([O-])OP(=O)(O)OC[C@H]1O[C@@H](n2cnc3c(N)ncnc32)[C@H](O)[C@@H]1OP(=O)(O)O)[C@@H](O)C(=O)NCCC(=O)NCCSC(=O)C[C@@H](O)C[N+](C)(C)C,58.0
Cytosine,Nc1cc[nH]c(=O)n1,8.0
Crotonobetaine,C[N+](C)(C)CC=CC(=O)O,10.0
"3-(2,3-Dihydroxyphenyl)propanoate",O=C([O-])CCc1cccc(O)c1O,13.0
Dihydropteroate,Nc1nc2c(c(=O)[nH]1)N=C(CNc1ccc(C(=O)[O-])cc1)CN2,23.0
Crotonobetainyl-CoA,CC(C)(COP(=O)([O-])OP(=O)([O-])OC[C@H]1O[C@@H](n2cnc3c(N)ncnc32)[C@H](O)[C@@H]1OP(=O)([O-])[O-])[C@@H](O)C(=O)NCCC(=O)NCCSC(=O)/C=C/C[N+](C)(C)C,57.0
"4,5-dihydroxy-2,3-pentanedione",CC(=O)C(=O)[C@@H](O)CO,9.0
Iron (Fe3+),[Fe+3],1.0
DIDP; 2'-deoxyinosine-5'-diphosphate(3-),O=c1[nH]cnc2c1ncn2[C@H]1C[C@H](O)[C@@H](COP(=O)(O)OP(=O)(O)O)O1,26.0
CTP C9H12N3O14P3,Nc1ccn([C@@H]2O[C@H](COP(=O)([O-])OP(=O)([O-])OP(=O)([O-])O)[C@@H](O)[C@H]2O)c(=O)n1,29.0
Copper,[Cu+2],1.0
DIMP C10H12N4O7P,O=c1[nH]cnc2c1ncn2[C@H]1C[C@H](O)[C@@H](COP(=O)([O-])[O-])O1,22.0
Deoxyinosine,O=c1[nH]cnc2c1ncn2[C@H]1C[C@H](O)[C@@H](CO)O1,18.0
Cu+,[Cu+],1.0
Hydrogen cyanide,C#N,2.0
Fe(III)hydroxamate,O=c1[nH]cnc2c1ncn2[C@H]1C[C@H](O)[C@@H](COP(=O)(O)OP(=O)(O)OP(=O)(O)O)O1,30.0
DITP(4-),C#N,2.0
"2,3-diketo-5-methylthio-1-phosphopentane",N=C=O,3.0
Cyanate,N=C=O,3.0
"5,6-Dimethylbenzimidazole",CC(C)=CCOP(=O)([O-])OP(=O)([O-])[O-],14.0
"6,7-Dimethyl-8-(1-D-ribityl)lumazine",CC1=[O+][Fe-3]2345ON1CCC[C@@H]1NC(=O)CNC(=O)CNC(=O)CNC(=O)[C@H](CCCN(O2)C(C)=[O+]3)NC(=O)[C@H](CCCN(O4)C(C)=[O+]5)NC1=O,49.0
Dimethylallyl diphosphate,CSC,3.0
Ferrichrome,CSC,3.0
Dimethyl sulfide,CC1=[O+][Fe-3]2345ON1CCC[C@@H]1NC(=O)CNC(=O)CNC(=O)CNC(=O)[C@H](CCCN(O2)C(C)=[O+]3)NC(=O)[C@H](CCCN(O4)C(C)=[O+]5)NC1=O,49.0
D-Cysteine,N[C@H](C[S-])C(=O)[O-],7.0
Dimethyl sulfoxide,CS(C)=O,4.0
Fe-enterobactin,NC(C[S-])C(=O)[O-],7.0
L-Cysteine,NC(C[S-])C(=O)[O-],7.0
Deamino-NAD+,N[C@@H](CCSC[C@H](N)C(=O)O)C(=O)O,14.0
Dopamine,CC(C)(COP(=O)(O)OP(=O)(O)OC[C@H]1O[C@@H](n2cnc3c(N)ncnc32)[C@H](O)[C@@H]1O)[C@@H](O)C(=O)NCCC(=O)NCCS,44.0
L-Cystathionine,CC(=O)N1CCCCCNC(=O)CCC(=O)N2CCCCCNC(=O)CCC(=O)N(CCCCCN)O[Fe](O1)O2,40.0
Dephospho-CoA,CC(=O)N1CCCCCNC(=O)CCC(=O)N2CCCCCNC(=O)CCC(=O)N(CCCCCN)O[Fe](O1)O2,40.0
Generic ferrioxamine-Fe-III,Nc1ccn([C@@H]2O[C@H](CO)[C@@H](O)[C@H]2O)c(=O)n1,17.0
Cytidine,CC(=O)N1CCCCCNC(=O)CCC(=O)N2CCCCCNC(=O)CCC(=O)N(CCCCCN)O[Fe](O1)O2,40.0
N2-Formyl-N1-(5-phospho-D-ribosyl)glycinamide,Nc1ncnc2c1ncn2[C@H]1C[C@H](O)[C@@H](CO)O1,18.0
Deoxyadenosine,C[C@H]1O[C@@H](n2cnc3c(N)ncnc32)[C@H](O)[C@@H]1O,18.0
5'-Deoxyadenosine,Nc1ncnc2c1ncn2[C@H]1C[C@H](O)[C@@H](COP(=O)(O)OP(=O)(O)O)O1,26.0
FMN C17H19N4O9P,C[C@@]1(CC(=O)[O-])/C2=C/c3[nH]c(c(CCC(=O)[O-])c3CC(=O)[O-])Cc3[nH]c(c(CC(=O)[O-])c3CCC(=O)[O-])/C=C3\[NH2+]/C(=C\C(=N2)[C@H]1CCC(=O)[O-])[C@@](C)(CC(=O)[O-])[C@@H]3CCC(=O)[O-],62.0
Reduced FMN,O=CO,3.0
DADP C10H12N5O9P2,Nc1ncnc2c1ncn2[C@H]1C[C@H](O)[C@@H](COP(=O)(O)O)O1,22.0
Dihydrosirohydrochlorin,O=CO,3.0
Formate,C[C@@H]1NC(=O)N[C@@H]1CCCCCC(=O)O,15.0
DAMP C10H12N5O6P,Nc1ncnc2c1ncn2[C@H]1C[C@H](O)[C@@H](COP(=O)(O)O)O1,22.0
Dethiobiotin,O=CO,3.0
"DTDP-4-acetamido-4,6-dideoxy-D-galactose",N=C(CNC=O)NC1O[C@H](COP(=O)(O)O)[C@@H](O)[C@H]1O,20.0
2-(Formamido)-N1-(5-phospho-D-ribosyl)acetamidine,Cc1cn([C@H]2C[C@H](O)[C@@H](COP(=O)([O-])OP(=O)([O-])O[C@H]3O[C@H](C)C(=O)[C@H](O)[C@H]3O)O2)c(=O)[nH]c1=O,35.0
"DTDP-4-amino-4,6-dideoxy-D-galactose",NC(=O)c1ncn([C@@H]2O[C@H](COP(=O)([O-])[O-])[C@@H](O)[C@H]2O)c1NC=O,24.0
"7,8-Diaminononanoate",Nc1ncnc2c1ncn2[C@H]1C[C@H](O)[C@@H](COP(=O)([O-])OP(=O)([O-])OP(=O)([O-])O)O1,30.0
DTDP-4-dehydro-6-deoxy-D-glucose,CC(C)=CCCC(C)=CCCC(C)=CCOP(=O)(O)OP(=O)(O)O,24.0
5-Formamido-1-(5-phospho-D-ribosyl)imidazole-4-carboxamide,Cc1cn([C@H]2C[C@H](O)[C@@H](COP(=O)(O)OP(=O)(O)OC3O[C@@H](C)C(=O)[C@@H](O)[C@H]3O)O2)c(=O)[nH]c1=O,35.0
DATP C10H12N5O12P3,CC(=O)C(O)COP(=O)(O)O,11.0
Farnesyl diphosphate,Cc1cn([C@H]2C[C@H](O)[C@@H](COP(=O)([O-])OP(=O)([O-])[O-])O2)c(=O)[nH]c1=O,25.0
DTDP-4-dehydro-6-deoxy-L-mannose,CCCCCCC/C=C/C(=O)SCCNC(=O)CCNC(=O)[C@H](O)C(C)(C)COP(=O)(O)OP(=O)(O)OC[C@H]1O[C@@H](n2cnc3c(N)ncnc32)[C@H](O)[C@@H]1OP(=O)(O)O,59.0
"3,4-dihydroxy-2-butanone 4-phosphate",Cc1cn([C@H]2C[C@H](O)[C@@H](COP(=O)([O-])OP(=O)([O-])O[C@H]3O[C@H](CO)[C@@H](O)[C@H](O)[C@H]3O)O2)c(=O)[nH]c1=O,36.0
DTDP C10H13N2O11P2,OCC1(O)OC[C@@H](O)[C@@H](O)[C@@H]1O,12.0
Trans-Dec-2-enoyl-CoA,OCC1(O)OC[C@@H](O)[C@@H](O)[C@@H]1O,12.0
DTDPglucose,OCC1(O)OC[C@@H](O)[C@@H](O)[C@@H]1O,12.0
D-Fructose,Cc1cn([C@H]2C[C@H](O)[C@@H](COP(=O)(O)OP(=O)(O)O[C@H]3O[C@@H](C)[C@H](O)[C@@H](O)[C@H]3O)O2)c(=O)[nH]c1=O,35.0
DTDP-L-rhamnose,N[C@@H](CCCCNCC(=O)[C@@H](O)[C@H](O)[C@H](O)CO)C(=O)O,21.0
DTMP C10H13N2O8P,N[C@@H](CCCCNCC(=O)[C@@H](O)[C@H](O)[C@H](O)CO)C(=O)O,21.0
Fructoselysine,N[C@@H](CCCCNCC(=O)[C@@H](O)[C@H](O)[C@H](O)CO)C(=O)O,21.0
DTTP C10H13N2O14P3,O=C(O)[C@@H](O)[C@@H](O)[C@H](O)C(=O)CO,13.0
DUDP C9H11N2O11P2,O=C(O)[C@@H](O)[C@@H](O)[C@H](O)C(=O)CO,13.0
DUMP C9H11N2O8P,O=C(O)[C@@H](O)[C@@H](O)[C@H](O)C(=O)CO,13.0
D-Fructuronate,O=c1ccn([C@H]2C[C@H](O)[C@@H](COP(=O)([O-])[O-])O2)c(=O)[nH]1,20.0
"N6-(1,2-Dicarboxyethyl)-AMP",C[C@H](O)[C@@H](O)[C@@H](O)[C@H](O)C=O,11.0
Deoxyuridine,C[C@H](O)[C@@H](O)[C@@H](O)[C@H](O)C=O,11.0
L-Fucose,O=c1ccn([C@H]2C[C@H](O)[C@@H](CO)O2)c(=O)[nH]1,16.0
DCDP C9H12N3O10P2,Nc1ccn([C@H]2C[C@H](O)[C@@H](COP(=O)(O)O)O2)c(=O)n1,20.0
DCMP C9H12N3O7P,Nc1ccn([C@H]2C[C@H](O)[C@@H](COP(=O)(O)O)O2)c(=O)n1,20.0
Fumarate,CC(=O)[C@@H](O)[C@H](O)COP(=O)([O-])[O-],13.0
DUTP C9H11N2O14P3,CC(=O)[C@@H](O)[C@H](O)CO,9.0
1-deoxy-D-xylulose 5-phosphate,O=C([O-])C=CC(=O)[O-],8.0
1-deoxy-D-xylulose,Nc1ccn([C@H]2C[C@H](O)[C@@H](COP(=O)([O-])OP(=O)([O-])OP(=O)([O-])[O-])O2)c(=O)n1,28.0
DCTP C9H12N3O13P3,Nc1ccn([C@H]2C[C@H](O)[C@@H](CO)O2)c(=O)n1,16.0
D-Glucose 1-phosphate,O=P(O)(O)O[C@H]1O[C@H](CO)[C@@H](O)[C@H](O)[C@H]1O,16.0
D-Erythrose 4-phosphate,Nc1ccn([C@H]2C[C@H](O)[C@@H](CO)O2)c(=O)n1,16.0
Deoxycytidine,O=P(O)(O)O[C@H]1O[C@H](CO)[C@@H](O)[C@H](O)[C@H]1O,16.0
Glyceraldehyde 3-phosphate,CCCCCCCCC/C=C/C(=O)SCCNC(=O)CCNC(=O)[C@H](O)C(C)(C)COP(=O)([O-])OP(=O)([O-])OC[C@H]1O[C@@H](n2cnc3c(N)ncnc32)[C@H](O)[C@@H]1OP(=O)([O-])[O-],61.0
Sn-Glycero-3-phosphocholine,C[N+](C)(C)CCOP(=O)([O-])OC[C@H](O)CO,16.0
Trans-Dodec-2-enoyl-CoA,O=P(O)(O)OC[C@@H](O)[C@@H](O)c1c[nH]cn1,15.0
D-erythro-1-(Imidazol-4-yl)glycerol 3-phosphate,CCCCCCCCCCCCCC(=O)O[C@H](CCCCCCCCCCC)CC(=O)O[C@H]1[C@H](OP(=O)(O)O)[C@@H](CO[C@]2(C(=O)O)C[C@@H](O[C@]3(C(=O)O)C[C@@H](O)[C@@H](O)[C@@H]([C@@H](CO)OP(=O)(O)OCCN)O3)[C@@H](O)[C@@H]([C@H](O)CO)O2)O[C@@H](OC[C@H]2O[C@H](OP(=O)(O)O)[C@H](NC(=O)C[C@H](O)CCCCCCCCCCC)[C@@H](OC(=O)C[C@H](O)CCCCCCCCCCC)[C@@H]2O)[C@@H]1NC(=O)C[C@@H](CCCCCCCCCCC)OC(=O)CCCCCCCCCCC,160.0
Sn-Glycero-3-phosphoethanolamine,CCCCCCCCCCCCCC(=O)O[C@H](CCCCCCCCCCC)CC(=O)O[C@H]1[C@H](OP(=O)(O)O)[C@@H](CO[C@]2(C(=O)O)C[C@@H](O[C@]3(C(=O)O)C[C@@H](O)[C@@H](O)[C@@H]([C@@H](CO)OP(=O)(O)OCCN)O3)[C@@H](O)[C@@H]([C@H](O)CO)O2)O[C@@H](OC[C@H]2O[C@H](OP(=O)(O)O)[C@H](NC(=O)C[C@H](O)CCCCCCCCCCC)[C@@H](OC(=O)C[C@H](O)CCCCCCCCCCC)[C@@H]2O)[C@@H]1NC(=O)C[C@@H](CCCCCCCCCCC)OC(=O)CCCCCCCCCCC,160.0
Phosphoethanolamine KDO(2)-lipid (A),[NH3+]CCOP(=O)([O-])OC[C@@H](O)CO,13.0
Enterochelin,O=C(N[C@H]1COC(=O)[C@@H](NC(=O)c2cccc([O-])c2[O-])COC(=O)[C@@H](NC(=O)c2cccc([O-])c2[O-])COC1=O)c1cccc([O-])c1[O-],48.0
Glycerophosphoglycerol,O=C(N[C@H]1COC(=O)[C@@H](NC(=O)c2cccc([O-])c2[O-])COC(=O)[C@@H](NC(=O)c2cccc([O-])c2[O-])COC1=O)c1cccc([O-])c1[O-],48.0
Dodecanoyl-CoA (n-C12:0CoA),O=P([O-])(OCC(O)CO)OCC(O)CO,15.0
Ethanolamine,O=P([O-])(OC[C@H](O)CO)O[C@H]1[C@H](O)[C@@H](O)[C@H](O)[C@@H](O)[C@H]1O,21.0
DGDP C10H12N5O10P2,Nc1nc2c(ncn2[C@H]2C[C@H](O)[C@@H](COP(=O)([O-])[O-])O2)c(=O)[nH]1,23.0
Sn-Glycero-3-phospho-1-inositol,[NH3+]CCO,4.0
DGMP C10H12N5O7P,Nc1nc2c(ncn2[C@H]2C[C@H](O)[C@@H](COP(=O)([O-])[O-])O2)c(=O)[nH]1,23.0
Ethanesulfonate,[NH3+][C@@H](COP(=O)([O-])OC[C@H](O)CO)C(=O)[O-],16.0
Glycerophosphoserine,CCS(=O)(=O)[O-],6.0
Deoxyguanosine,[NH3+][C@@H](COP(=O)([O-])OC[C@H](O)CO)C(=O)[O-],16.0
Ethanol,Nc1nc2c(ncn2[C@H]2C[C@H](O)[C@@H](CO)O2)c(=O)[nH]1,19.0
D-Glucose 6-phosphate,CCO,3.0
DGTP C10H12N5O13P3,O=C(CO)CO,6.0
D-Fructose 1-phosphate,O=P(O)(O)OC[C@H]1O[C@](O)(CO)[C@@H](O)[C@@H]1O,16.0
Dihydroxyacetone,O=C(CO)CO,6.0
D-Fructose 6-phosphate,O=P(O)(O)OC[C@H]1O[C@](O)(CO)[C@@H](O)[C@@H]1O,16.0
Alpha-D-Galactose 1-phosphate,Cc1cc2nc3c(=O)[nH]c(=O)nc-3n(C[C@H](O)[C@H](O)[C@H](O)COP(=O)(O)OP(=O)(O)OC[C@H]3O[C@@H](n4cnc5c(N)ncnc54)[C@H](O)[C@@H]3O)c2cc1C,53.0
Flavin adenine dinucleotide oxidized,C=O,2.0
Flavin adenine dinucleotide reduced,OC[C@H]1O[C@@H](O)[C@H](O)[C@@H](O)[C@H]1O,12.0
Formaldehyde,O=C(CO)COP(=O)(O)O,10.0
Beta D-Galactose,OC[C@H]1OC(O)[C@H](O)[C@@H](O)[C@H]1O,12.0
Dihydroxyacetone phosphate,C=O,2.0
D-Galactose,O=C([O-])/C=C/c1cccc(O)c1O,13.0
"2,3-dihydroxicinnamic acid",C[C@H](O)[C@@H](O)[C@@H](O)C(=O)CO,11.0
L-Fuculose 1-phosphate,O=P(O)(O)OC[C@H]1OC(O)(COP(=O)(O)O)[C@@H](O)[C@@H]1O,20.0
"7,8-Dihydrofolate",O=C([O-])c1cc(O)c2ccccc2c1O,15.0
L-fuculose,[Fe+2],1.0
"D-Fructose 1,6-bisphosphate",Nc1nc2c(c(=O)[nH]1)N=C([C@H](O)[C@H](O)CO)CN2,18.0
"1,4-Dihydroxy-2-naphthoate",[Fe+2],1.0
Fe2+ mitochondria,OC[C@H]1OC(O)[C@H](O)[C@@H](O)[C@H]1O,12.0
Dihydroneopterin,O=C1C[C@@H](C(=O)O)NC(=O)N1,11.0
(S)-Dihydroorotate,Nc1nc2c(c(=O)[nH]1)N=C([C@H](O)[C@H](O)COP(=O)(O)O)CN2,22.0
Dihydroneopterin monophosphate,O=C([O-])[C@@H](O)[C@H](O)[C@H](O)[C@@H](O)C(=O)[O-],14.0
D-Galactarate,O=C([O-])[C@@H](O)[C@H](O)[C@H](O)[C@@H](O)C(=O)[O-],14.0
D-Glycero-D-manno-heptose 7-phosphate,O=C([O-])[C@H](O)[C@@H](O)[C@@H](O)[C@H](O)CO,13.0
D-Galactonate,O=C([O-])[C@H](O)[C@@H](O)[C@@H](O)[C@H](O)CO,13.0
GMP C10H12N5O8P,O=C([O-])[C@H](O)[C@@H](O)[C@@H](O)[C@H](O)CO,13.0
L-Galactonate,Nc1nc2c(ncn2[C@@H]2O[C@H](COP(=O)([O-])[O-])[C@@H](O)[C@H]2O)c(=O)[nH]1,24.0
Galactitol 1-phosphate,CC(C)=CCC/C(C)=C/COP(=O)(O)OP(=O)(O)O,19.0
"P1,P4-Bis(5'-guanosyl) tetraphosphate",OC[C@H](O)[C@@H](O)[C@@H](O)[C@H](O)CO,12.0
Galactitol,O=C(O)[C@H]1OC(O)[C@H](O)[C@@H](O)[C@H]1O,13.0
Geranyl diphosphate,CC[C@H](C)[C@H](N)C(=O)[O-],9.0
D-Galacturonate,O=C(O)[C@H]1OC(O)[C@H](O)[C@@H](O)[C@H]1O,13.0
L-Isoleucine,Nc1nc2c(ncn2[C@@H]2O[C@H](CO)[C@@H](O)[C@H]2O)c(=O)[nH]1,20.0
Guanosine,Nc1nc2c(ncn2[C@@H]2O[C@H](CO)[C@@H](O)[C@H]2O)c(=O)[nH]1,20.0
D-Glucosamine 1-phosphate,O=c1[nH]cnc2c1ncn2[C@@H]1O[C@H](COP(=O)([O-])[O-])[C@@H](O)[C@H]1O,23.0
3-(Imidazol-4-yl)-2-oxopropyl phosphate,N[C@H]1C(O)O[C@H](COP(=O)(O)O)[C@@H](O)[C@@H]1O,16.0
IMP C10H11N4O8P,N[C@H]1C(O)O[C@H](COP(=O)(O)O)[C@@H](O)[C@@H]1O,16.0
D-Glucosamine 6-phosphate,O=c1[nH]cnc2c1ncn2[C@@H]1O[C@H](COP(=O)([O-])[O-])[C@@H](O)[C@H]1O,23.0
Oxidized glutathione,N[C@@H](CCC(=O)N[C@@H](CSSC[C@H](NC(=O)CC[C@H](N)C(=O)O)C(=O)NCC(=O)O)C(=O)NCC(=O)O)C(=O)O,40.0
D-Glucosamine,c1ccc2[nH]ccc2c1,9.0
Indole,c1ccc2[nH]ccc2c1,9.0
Reduced glutathione,[NH3+]CC(=O)NC1O[C@H](COP(=O)([O-])[O-])[C@@H](O)[C@H]1O,18.0
N1-(5-Phospho-D-ribosyl)glycinamide,N[C@@H](CCC(=O)N[C@@H](CS)C(=O)NCC(=O)O)C(=O)O,20.0
Myo-Inositol,C[N+](C)(C)CCCC(=O)O,10.0
Gamma-butyrobetaine,O[C@H]1[C@H](O)[C@@H](O)[C@H](O)[C@@H](O)[C@H]1O,12.0
GTP C10H12N5O14P3,Nc1nc2c(ncn2[C@@H]2O[C@H](COP(=O)([O-])OP(=O)([O-])OP(=O)([O-])[O-])[C@@H](O)[C@H]2O)c(=O)[nH]1,32.0
Inosine,OC[C@H]1O[C@@H](n2cnc3c(O)ncnc32)[C@H](O)[C@@H]1O,19.0
Glycolaldehyde,OC[C@H]1O[C@@H](n2cnc3c(O)ncnc32)[C@H](O)[C@@H]1O,19.0
GDP C10H12N5O11P2,C=C(C)CCOP(=O)([O-])OP(=O)([O-])[O-],14.0
Glutathionylspermidine,Nc1nc2[nH]cnc2c(=O)[nH]1,11.0
Isopentenyl diphosphate,Nc1nc2c(ncn2[C@@H]2O[C@H](COP(=O)(O)OP(=O)(O)O)[C@@H](O)[C@H]2O)c(=O)[nH]1,28.0
Guanine,Nc1nc2[nH]cnc2c(=O)[nH]1,11.0
Isethionic acid,C[C@H]1O[C@H](OP(=O)([O-])OP(=O)([O-])OC[C@H]2O[C@@H](n3cnc4c(=O)[nH]c(N)nc43)[C@H](O)[C@@H]2O)[C@@H](O)[C@@H](O)C1=O,38.0
GDP-4-dehydro-6-deoxy-D-mannose,O=S(=O)(O)CCO,7.0
GDP-L-fucose,[H][H],0.0
Hydrogen,C[C@@H]1OC(OP(=O)(O)OP(=O)(O)OC[C@H]2O[C@@H](n3cnc4c(=O)[nH]c(N)nc43)[C@H](O)[C@@H]2O)[C@@H](O)[C@H](O)C1=O,38.0
GDP-D-mannose,O=c1[nH]cnc2c1ncn2[C@@H]1O[C@H](COP(=O)(O)OP(=O)(O)OP(=O)(O)O)[C@@H](O)[C@H]1O,31.0
GDP-4-oxo-L-fucose,[H][H],0.0
ITP C10H11N4O14P3,[K+],1.0
Potassium,Nc1nc2c(ncn2[C@@H]2O[C@H](COP(=O)([O-])OP(=O)([O-])OP(=O)([O-])[O-])[C@@H](OP(=O)([O-])OP(=O)([O-])[O-])[C@H]2O)c(=O)[nH]1,40.0
Guanosine 3'-diphosphate 5'-triphosphate,[K+],1.0
1-hydroxy-2-methyl-2-(E)-butenyl 4-diphosphate,CCCCCCCCCCCC(=O)O[C@H](CCCCCCCCCCC)CC(=O)N[C@H]1[C@H](OC[C@H]2O[C@H](OP(=O)(O)O)[C@H](NC(=O)C[C@H](O)CCCCCCCCCCC)[C@@H](OC(=O)C[C@H](O)CCCCCCCCCCC)[C@@H]2O)O[C@H](CO[C@]2(C(=O)O)C[C@@H](O[C@]3(C(=O)O)C[C@@H](O)[C@@H](O)[C@@H]([C@H](O)CO)O3)[C@@H](O)[C@@H]([C@H](O)CO)O2)[C@@H](OP(=O)(O)O)[C@@H]1OC(=O)C[C@H](O)CCCCCCCCCCC,138.0
Gamma-glutamyl-gamma aminobutyric acid,[O-]O,2.0
KDO(2)-lipid IV(A) with laurate,CCCCCCCCCCC[C@@H](O)CC(=O)N[C@H]1[C@@H](OP(=O)(O)O)O[C@H](CO[C@@H]2O[C@H](CO[C@]3(C(=O)O)C[C@@H](O[C@]4(C(=O)O)C[C@@H](O)[C@@H](O)[C@@H]([C@H](O)CO)O4)[C@@H](O)[C@@H]([C@H](O)CO)O3)[C@@H](OP(=O)(O)O)[C@H](OC(=O)C[C@H](O)CCCCCCCCCCC)[C@H]2NC(=O)C[C@H](O)CCCCCCCCCCC)[C@@H](O)[C@@H]1OC(=O)C[C@H](O)CCCCCCCCCCC,125.0
Hydrogen peroxide,[NH3+][C@@H](CCC(=O)NCCCC=O)C(=O)[O-],15.0
KDO(2)-lipid IV(A),[O-]O,2.0
Gamma-glutamyl-gamma-butyraldehyde,[O-]O,2.0
H2O H2O,[OH4+2],1.0
3-Deoxy-D-manno-octulosonate 8-phosphate,CCCCCCCCCCC[C@@H](O)CC(=O)N[C@H]1[C@@H](OP(=O)(O)O)O[C@H](CO[C@@H]2O[C@H](CO[C@]3(C(=O)O)C[C@@H](O)[C@@H](O)[C@@H]([C@H](O)CO)O3)[C@@H](OP(=O)(O)O)[C@H](OC(=O)C[C@H](O)CCCCCCCCCCC)[C@H]2NC(=O)C[C@H](O)CCCCCCCCCCC)[C@@H](O)[C@@H]1OC(=O)C[C@H](O)CCCCCCCCCCC,110.0
3-Deoxy-D-manno-2-octulosonate,OC[C@H]1OC(O)[C@H](O)[C@@H](O)[C@@H]1O,12.0
KDO-lipid IV(A),OC[C@H]1OC(O)[C@H](O)[C@@H](O)[C@@H]1O,12.0
D-Glucose,[SH3+],1.0
Hydrogen sulfide,C[C@@H](O)C(=O)[O-],6.0
D-Lactate,O=C([O-])[C@H](O)[C@@H](O)[C@H](O)[C@H](O)CO,13.0
D-Gluconate,C[C@@H](O)C(=O)[O-],6.0
H+,[H+],0.0
D-Glucarate,C[C@H](O)C(=O)[O-],6.0
L-Lactate,O=C(O)[C@@H](O)[C@@H](O)[C@H](O)[C@@H](O)C(=O)O,14.0
D-Lactaldehyde,O=C([O-])[O-],4.0
L-Lactaldehyde,O=C(O)[C@H]1O[C@H](OP(=O)(O)O)[C@H](O)[C@@H](O)[C@@H]1O,17.0
D-Glucuronate 1-phosphate,OC[C@H]1O[C@@H](O)[C@H](O)[C@@H](O)[C@@H]1O[C@@H]1O[C@H](CO)[C@H](O)[C@H](O)[C@H]1O,23.0
Bicarbonate,[NH3+][C@@H](CCS)C(=O)[O-],8.0
Lactose C12H22O11,O=C(O)[C@H]1OC(O)[C@H](O)[C@@H](O)[C@@H]1O,13.0
L-Homocysteine,O=C(O)[C@H]1OC(O)[C@H](O)[C@@H](O)[C@@H]1O,13.0
D-Glucuronate,O=C(O)[C@H]1OC(O)[C@H](O)[C@@H](O)[C@@H]1O,13.0
Hexadecanoate (n-C16:0),CCCCCCCCCCCCCCCC(=O)[O-],18.0
L-Leucine,CCCCCCCCCCCCCCCC(=O)[O-],18.0
L-Glutamine,CC(C)C[C@H]([NH3+])C(=O)O,9.0
(R)-S-Lactoylglutathione,N[C@H](C=O)CCC(=O)O,9.0
KDO(2)-lipid (A),[NH3+][C@@H](CCC(=O)OP(=O)([O-])[O-])C(=O)[O-],14.0
Cold adapted KDO(2)-lipid (A),CCCCCC/C=C\CCCCCCCC(=O)O[C@H](CCCCCCCCCCC)CC(=O)N[C@H]1[C@H](OC[C@H]2O[C@H](OP(=O)(O)O)[C@H](NC(=O)C[C@H](O)CCCCCCCCCCC)[C@@H](OC(=O)C[C@H](O)CCCCCCCCCCC)[C@@H]2O)O[C@H](CO[C@]2(C(=O)O)C[C@@H](O[C@]3(C(=O)O)C[C@@H](O)[C@@H](O)[C@@H]([C@H](O)CO)O3)[C@@H](O)[C@@H]([C@H](O)CO)O2)[C@@H](OP(=O)(O)O)[C@@H]1OC(=O)C[C@@H](CCCCCCCCCCC)OC(=O)CCCCCCCCCCCCC,157.0
L-Glutamate 1-semialdehyde,CCCCCCCCCCCCC/C=C/C(=O)SCCNC(=O)CCNC(=O)[C@H](O)C(C)(C)COP(=O)([O-])OP(=O)([O-])OC[C@H]1O[C@@H](n2cnc3c(N)ncnc32)[C@H](O)[C@@H]1OP(=O)([O-])[O-],65.0
L-Glutamate 5-phosphate,CCCCCC/C=C\CCCCCCCC(=O)O[C@H](CCCCCCCCCCC)CC(=O)N[C@H]1[C@H](OC[C@H]2O[C@H](OP(=O)(O)O)[C@H](NC(=O)C[C@H](O)CCCCCCCCCCC)[C@@H](OC(=O)C[C@H](O)CCCCCCCCCCC)[C@@H]2O)O[C@H](CO[C@]2(C(=O)O)C[C@@H](O[C@]3(C(=O)O)C[C@@H](O)[C@@H](O)[C@@H]([C@H](O)CO)O3)[C@@H](O)[C@@H]([C@H](O)CO)O2)[C@@H](OP(=O)(O)O)[C@@H]1OC(=O)C[C@@H](CCCCCCCCCCC)OC(=O)CCCCCCCCCCCCC,157.0
Trans-Hexadec-2-enoyl-CoA,[NH3+][C@H](CCC(=O)[O-])C(=O)[O-],10.0
L-Glutamate 5-semialdehyde,CCCCCCCCCCCCCC(=O)O[C@H](CCCCCCCCCCC)CC(=O)O[C@H]1[C@H](OP(=O)(O)O)[C@@H](CO[C@]2(C(=O)O)C[C@@H](O[C@]3(C(=O)O)C[C@@H](O)[C@@H](O)[C@@H]([C@H](O)CO)O3)[C@@H](O)[C@@H]([C@H](O)CO)O2)O[C@@H](OC[C@H]2O[C@H](OP(=O)(O)O)[C@H](NC(=O)C[C@H](O)CCCCCCCCCCC)[C@@H](OC(=O)C[C@H](O)CCCCCCCCCCC)[C@@H]2O)[C@@H]1NC(=O)C[C@@H](CCCCCCCCCCC)OC(=O)CCCCCCCCCCC,153.0
D-Glutamate,[2H]C([2H])(C(=O)O)C([2H])([2H])C([2H])(N)C(=O)O,10.0
Heme O C49H56FeN4O5,CCCCCCCCCCC[C@@H](O)CC(=O)N[C@H]1[C@@H](OP(=O)([O-])[O-])O[C@H](CO[C@@H]2O[C@H](CO)[C@@H](OP(=O)([O-])[O-])[C@H](OC(=O)C[C@H](O)CCCCCCCCCCC)[C@H]2NC(=O)C[C@H](O)CCCCCCCCCCC)[C@@H](O)[C@@H]1OC(=O)C[C@H](O)CCCCCCCCCCC,95.0
L-Glutamate,CCCCCCCCCCC[C@@H](O)CC(=O)N[C@H]1[C@H](OC[C@H]2O[C@H](OP(=O)(O)O)[C@H](NC(=O)C[C@H](O)CCCCCCCCCCC)[C@@H](OC(=O)C[C@H](O)CCCCCCCCCCC)[C@@H]2O)O[C@H](CO)[C@@H](O)[C@@H]1OC(=O)C[C@H](O)CCCCCCCCCCC,91.0
"2,3,2'3'-Tetrakis(beta-hydroxymyristoyl)-D-glucosaminyl-1,6-beta-D-glucosamine 1,4'-bisphosphate",N[C@@H](CCC(=O)N[C@@H](CS)C(=O)O)C(=O)O,16.0
Mercury  charged 2  Hg,[Hg+2],1.0
Lipid A Disaccharide,CCCCCCCCCCC[C@@H](O)CC(=O)N[C@H]1[C@@H](OP(=O)(O)O)O[C@H](CO)[C@@H](O)[C@@H]1OC(=O)C[C@H](O)CCCCCCCCCCC,48.0
Gamma-L-Glutamyl-L-cysteine,[NH3+]CCCCC([NH3+])C(=O)[O-],10.0
"2,3-Bis(3-hydroxytetradecanoyl)-beta-D-glucosaminyl 1-phosphate",CCCCCCCCCCCCCC(=O)O[C@H](CCCCCCCCCCC)CC(=O)O[C@H]1[C@H](OP(=O)([O-])[O-])[C@@H](CO[C@]2(C(=O)[O-])C[C@@H](O[C@]3(C(=O)[O-])C[C@@H](O)[C@@H](O)[C@@H]([C@H](O)CO)O3)[C@@H](O[C@H]3O[C@H]([C@@H](O)CO)[C@@H](O)[C@H](O[C@H]4O[C@H]([C@@H](O)CO)[C@@H](O)[C@H](O)[C@@H]4O)[C@@H]3O)[C@@H]([C@H](O)CO)O2)O[C@@H](OC[C@H]2O[C@H](OP(=O)([O-])[O-])[C@H](NC(=O)C[C@H](O)CCCCCCCCCCC)[C@@H](OC(=O)C[C@H](O)CCCCCCCCCCC)[C@@H]2O)[C@@H]1NC(=O)C[C@@H](CCCCCCCCCCC)OC(=O)CCCCCCCCCCC,179.0
L-Lysine,[NH3+]CCCCC([NH3+])C(=O)[O-],10.0
Glyoxylate,NC(Cc1c[nH]cn1)C(=O)[O-],11.0
Heptosyl-heptosyl-kdo2-lipidA,[NH3+]CCCCC([NH3+])C(=O)[O-],10.0
Glycine,NCC(=O)[O-],5.0
L-Histidine,O=C[C@H](O)CO,6.0
D-Glyceraldehyde,O=C[C@H](O)CO,6.0
L-Lyxose,NC(Cc1c[nH]cn1)C(=O)[O-],11.0
L-Histidinol phosphate,C[N+](C)(C)CC(=O)O,8.0
Malonyl-[acyl-carrier protein],O=C(O)C[C@@H](O)C(=O)O,9.0
Glycine betaine,O=C(O)C[C@@H](O)C(=O)O,9.0
L-Histidinol,C[N+](C)(C)CC(=O)O,8.0
D-Malate,O=P(O)(O)OC(CO)CO,10.0
"2-Hydroxy-6-oxonona-2,4-diene-1,9-dioate",O=C([O-])C[C@H](O)C(=O)[O-],9.0
Glycerol 2-phosphate,O=P(O)(O)OC(CO)CO,10.0
2-hydroxy-6-ketononatrienedioate,O=P([O-])([O-])OC[C@H](O)CO,10.0
L-Malate,O=C([O-])C[C@H](O)C(=O)[O-],9.0
Heptosyl-kdo2-lipidA,O=C([O-])CCc1c[nH]c(Cc2[nH]c(Cc3[nH]c(Cc4[nH]c(CO)c(CC(=O)[O-])c4CCC(=O)[O-])c(CC(=O)[O-])c3CCC(=O)[O-])c(CC(=O)[O-])c2CCC(=O)[O-])c1CC(=O)[O-],61.0
Glycerol 3-phosphate,CC(C)(COP(=O)([O-])OP(=O)([O-])OC[C@H]1O[C@@H](n2cnc3c(N)ncnc32)[C@H](O)[C@@H]1OP(=O)([O-])[O-])[C@@H](O)C(=O)NCCC(=O)NCCSC(=O)CC(=O)[O-],54.0
Hydroxymethylbilane,O=P([O-])([O-])OC[C@H](O)CO,10.0
Malonyl CoA C24H33N7O19P3S,O=P([O-])([O-])OC[C@H]1O[C@H](O[C@@H]2[C@@H](CO)O[C@H](O)[C@H](O)[C@H]2O)[C@H](O)[C@@H](O)[C@@H]1O,27.0
4-hydroxy-5-methyl-3(2H)-furanone,OC[C@H]1O[C@H](O[C@@H]2[C@@H](CO)O[C@H](O)[C@H](O)[C@H]2O)[C@H](O)[C@@H](O)[C@@H]1O,23.0
Maltose 6'-phosphate,[NH3+][C@@H](CCO)C(=O)[O-],8.0
Hydroxymethylglutathione,O=C(O)C(O)CO,7.0
Maltose C12H22O11,OC[C@H]1O[C@H](O[C@@H]2[C@@H](CO)O[C@H](O)[C@H](O)[C@H]2O)[C@H](O)[C@@H](O)[C@@H]1O,23.0
(R)-Glycerate,[NH3+][C@@H](CCO)C(=O)[O-],8.0
L-Homoserine,OC[C@H]1O[C@H](O[C@@H]2[C@@H](CO)O[C@H](O)[C@H](O)[C@H]2O)[C@H](O)[C@@H](O)[C@@H]1O,23.0
Glycerol,OCC(O)CO,6.0
Maltoheptaose,O=C(O)C(=O)CO,7.0
Maltohexaose,OCC(O)CO,6.0
Hydroxypyruvate,OC[C@H]1O[C@H](O[C@@H]2[C@@H](CO)O[C@H](O[C@@H]3[C@@H](CO)O[C@H](O[C@@H]4[C@@H](CO)O[C@H](O[C@@H]5[C@@H](CO)O[C@H](O)[C@H](O)[C@H]5O)[C@H](O)[C@H]4O)[C@H](O)[C@H]3O)[C@H](O)[C@H]2O)[C@H](O)[C@@H](O)[C@@H]1O,56.0
Hydroquinone,O=C(O)CO,5.0
Maltopentaose,OC[C@H]1O[C@H](O[C@@H]2[C@@H](CO)O[C@H](O[C@@H]3[C@@H](CO)O[C@H](O[C@@H]4[C@@H](CO)O[C@H](O[C@@H]5[C@@H](CO)O[C@H](O)[C@H](O)[C@H]5O)[C@H](O)[C@H]4O)[C@H](O)[C@H]3O)[C@H](O)[C@H]2O)[C@H](O)[C@@H](O)[C@@H]1O,56.0
Glycolate C2H3O3,CCCCCC(=O)O,8.0
Trans-Hex-2-enoyl-CoA,OC[C@H]1O[C@H](O[C@@H]2[C@@H](CO)O[C@H](O[C@@H]3[C@@H](CO)O[C@H](O[C@@H]4[C@@H](CO)O[C@H](O[C@@H]5[C@@H](CO)O[C@H](O)[C@H](O)[C@H]5O)[C@H](O)[C@H]4O)[C@H](O)[C@H]3O)[C@H](O)[C@H]2O)[C@H](O)[C@@H](O)[C@@H]1O,56.0
Hexanoate (n-C6:0),CCCCCC(=O)O,8.0
Maltotriose C18H32O16,O=c1[nH]cnc2nc[nH]c12,10.0
Hypoxanthine,O=P([O-])([O-])OC1O[C@H]([C@H](O)CO)[C@@H](O)[C@H](O)[C@@H]1O,18.0
"D-Glycero-D-manno-heptose 1,7-bisphosphate",OC[C@H]1O[C@H](O[C@@H]2[C@@H](CO)O[C@H](O[C@@H]3[C@@H](CO)O[C@H](O[C@@H]4[C@@H](CO)O[C@H](O)[C@H](O)[C@H]4O)[C@H](O)[C@H]3O)[C@H](O)[C@H]2O)[C@H](O)[C@@H](O)[C@@H]1O,45.0
D-Glycero-D-manno-heptose 1-phosphate,OC[C@H]1O[C@H](O[C@@H]2[C@@H](CO)O[C@H](O[C@@H]3[C@@H](CO)O[C@H](O[C@@H]4[C@@H](CO)O[C@H](O)[C@H](O)[C@H]4O)[C@H](O)[C@H]3O)[C@H](O)[C@H]2O)[C@H](O)[C@@H](O)[C@@H]1O,45.0
Maltotetraose,[NH2+]=C(CC(=O)[O-])C(=O)[O-],9.0
Iminoaspartate,O=P([O-])([O-])OC[C@H]1OC(O)[C@@H](O)[C@@H](O)[C@@H]1O,16.0
Isochorismate,O=P([O-])([O-])OC[C@H]1OC(O)[C@@H](O)[C@@H](O)[C@@H]1O,16.0
D-Mannose 1-phosphate,O=C([O-])[C@H](O)[C@@H](O)[C@H](O)[C@@H](O)CO,13.0
Isocitrate,O=P([O-])([O-])OC[C@H]1OC(O)[C@@H](O)[C@@H](O)[C@@H]1O,16.0
D-Mannose 6-phosphate,[Ni+2],1.0
L-Idonate,O=C(O)c1ccc[n+]([C@@H]2O[C@H](COP(=O)(O)O)[C@@H](O)[C@H]2O)c1,22.0
Nickel,NC(=O)c1ccc[n+]([C@@H]2O[C@H](COP(=O)(O)O)[C@@H](O)[C@H]2O)c1,22.0
Nicotinate D-ribonucleotide,OC[C@H]1OC(O)[C@@H](O)[C@@H](O)[C@@H]1O,12.0
2(alpha-D-Mannosyl-6-phosphate)-D-glycerate,O=c1[nH]cnc2c1ncn2[C@@H]1O[C@H](COP(=O)(O)OP(=O)(O)O)[C@@H](O)[C@H]1O,27.0
NMN C11H14N2O8P,OC[C@H]1OC(O)[C@@H](O)[C@@H](O)[C@@H]1O,12.0
D-Mannose,NC(=O)c1ccc[n+]([C@@H]2O[C@H](COP(=O)(O)O)[C@@H](O)[C@H]2O)c1,22.0
IDP C10H11N4O11P2,O=N[O-],3.0
Nitrite,O=C([O-])[C@@H](CO)O[C@H]1O[C@H](CO)[C@@H](O)[C@H](O)[C@@H]1O,18.0
D-Mannonate,NCCc1ccccc1,9.0
2(alpha-D-Mannosyl)-D-glycerate,O=[N+]([O-])[O-],4.0
Phenethylamine,OC[C@H]1O[C@H](OC[C@H]2O[C@@H](O)[C@H](O)[C@@H](O)[C@@H]2O)[C@H](O)[C@@H](O)[C@H]1O,23.0
Nitrate,O=[N+]([O-])[O-],4.0
Melibiose C12H22O11,[N]=O,2.0
Nitric oxide,C=C(OP(=O)(O)O)C(=O)[O-],10.0
Mercaptopyruvate,CSCC[C@@H]([NH3+])C(=O)[O-],9.0
Phosphoenolpyruvate,CSCC[C@@H]([NH3+])C(=O)[O-],9.0
D-Methionine,CCCCCCCCCCCCCC(=O)OC[C@H](COP(=O)(O)OC[C@@H](O)CO)OC(=O)CCCCCCCCCCCCC,45.0
"Phosphatidylglycerol (ditetradecanoyl, n-C14:0)",CSCCC(N)C(=O)[O-],9.0
L-Methionine,Nc1nc2c(c(=O)[nH]1)[N+]1=CN(c3ccc(C(=O)N[C@@H](CCC(=O)O)C(=O)O)cc3)C[C@H]1CN2,33.0
"5,10-Methenyltetrahydrofolate",CCCCCCCCCCCCCCCC(=O)OC[C@H](COP(=O)(O)OC[C@@H](O)CO)OC(=O)CCCCCCCCCCCCCCC,49.0
"Phosphatidylglycerol (dihexadecanoyl, n-C16:0)",C[S@@](=O)CC[C@H](N)C(=O)O,10.0
O2 O2,O=O,2.0
L-methionine-R-sulfoxide,O=O,2.0
L-Methionine Sulfoxide,CS(=O)CC[C@H](N)C(=O)O,10.0
Superoxide anion,[O]O,2.0
Oxaloacetate,[Mg+2],1.0
Trans-Oct-2-enoyl-CoA,[Mg+2],1.0
Magnesium,CCCCCCCCCCCCCCCCCC(=O)[O-],20.0
Octanoyl-CoA (n-C8:0CoA),O=P([O-])([O-])O[C@H]1[C@H](O)[C@@H](O)[C@H](O)[C@@H](O)[C@H]1O,16.0
Octadecanoate (n-C18:0),CCCCCCCCCCCCCCCCCC(=O)[O-],20.0
1D-myo-Inositol 1-phosphate,CCCCCCCCCCCCCCCCCC(=O)[O-],20.0
Methylisocitrate,CCCCCCCC/C=C\CCCCCCCC(=O)[O-],20.0
Myo-Inositol hexakisphosphate,CCCCCCCC/C=C\CCCCCCCC(=O)[O-],20.0
Octadecenoate (n-C18:1),C[C@H](C(=O)[O-])C(=O)SCCNC(=O)CCNC(=O)[C@H](O)C(C)(C)COP(=O)([O-])OP(=O)([O-])OC[C@H]1O[C@@H](n2cnc3c(N)ncnc32)[C@H](O)[C@@H]1OP(=O)([O-])[O-],55.0
"5,10-Methylenetetrahydrofolate",C[C@@H](C(=O)[O-])C(=O)SCCNC(=O)CCNC(=O)[C@H](O)C(C)(C)COP(=O)([O-])OP(=O)([O-])OC[C@H]1O[C@@H](n2cnc3c(N)ncnc32)[C@H](O)[C@@H]1OP(=O)([O-])[O-],55.0
(R)-Methylmalonyl-CoA,C[S+](C)CC[C@H](N)C(=O)O,10.0
Octanoate (n-C8:0),CCCCCCCC(=O)[O-],10.0
(S)-Methylmalonyl-CoA,CC(C)=CCC/C(C)=C/CC/C(C)=C/CC/C(C)=C/CC/C(C)=C/CC/C(C)=C/CC/C(C)=C/CC/C(C)=C/COP(=O)([O-])OP(=O)([O-])[O-],49.0
S-Methyl-L-methionine,C[S+](C)CC[C@H](N)C(=O)O,10.0
All-trans-Octaprenyl diphosphate,[Mn+2],1.0
Trans-Octadec-2-enoyl-CoA,[Mn+2],1.0
Manganese,O=P(O)(O)OC[C@@H](O)[C@@H](O)[C@H](O)[C@H](O)CO,16.0
2-Oxo-3-hydroxy-4-phosphobutanoate,C=CCC(=O)C(=O)[O-],8.0
D-Mannitol 1-phosphate,[NH3+]CCC[C@H]([NH3+])C(=O)O,9.0
D-Mannitol,OC[C@@H](O)[C@@H](O)[C@H](O)[C@H](O)CO,12.0
2-Oxopent-4-enoate,CC(C)(COP(=O)(O)OP(=O)(O)OC[C@H]1O[C@@H](n2cnc3c(N)ncnc32)[C@H](O)[C@@H]1OP(=O)(O)O)[C@@H](O)C(=O)NCCC(=O)NCCSC(=O)Cc1ccccc1,57.0
Ornithine,O=[Mo](=O)([O-])O,5.0
Phenylacetyl-CoA,O=C([O-])c1cc(=O)[nH]c(=O)n1[C@@H]1O[C@H](COP(=O)([O-])[O-])[C@@H](O)[C@H]1O,24.0
Molybdate,O=[Mo](=O)([O-])O,5.0
L-Phenylalanine,O=[Mo](=O)([O-])O,5.0
Orotidine 5'-phosphate,O=C(O)c1cc(=O)[nH]c(=O)[nH]1,11.0
Orotate C5H3N2O4,O=C(O)c1cc(=O)[nH]c(=O)[nH]1,11.0
Menaquinol 8,C=CC1=C(C)C2=Cc3c(C=C)c(C)c4n3[Fe-2]35n6c(c(C)c(CCC(=O)[O-])c6=CC6=[N+]3C(=C4)C(C)=C6CCC(=O)[O-])=CC1=[N+]25,43.0
Protoheme C34H30FeN4O4,NC(=O)C(=O)O,6.0
Menaquinone 8,C=CC1=C(C)C2=Cc3c(C=C)c(C)c4n3[Fe-2]35n6c(c(C)c(CCC(=O)[O-])c6=CC6=[N+]3C(=C4)C(C)=C6CCC(=O)[O-])=CC1=[N+]25,43.0
Methanesulfonate,CS(=O)(=O)O,5.0
Oxamate,CS(=O)(=O)O,5.0
Oxalureate,CCCCCCCCCCCCCC(=O)OC[C@H](COP(=O)(O)O)OC(=O)CCCCCCCCCCCCC,40.0
Methylglyoxal,O=C([O-])C(=O)Cc1ccccc1,12.0
"1,2-ditetradecanoyl-sn-glycerol 3-phosphate",CCCCCCCCCCCCCCCC(=O)OC[C@H](COP(=O)([O-])[O-])OC(=O)CCCCCCCCCCCCCCC,44.0
O-Phospho-L-homoserine,[NH3+][C@H](C(=O)[O-])[C@H](O)COP(=O)([O-])[O-],13.0
Phenylpyruvate,O=P(O)(O)O,5.0
"1,2-dihexadecanoyl-sn-glycerol 3-phosphate",O=P(O)(O)O,5.0
O-Phospho-4-hydroxy-L-threonine,O=P(O)(O)O,5.0
Phosphate,CC(C)(COP(=O)([O-])OP(=O)([O-])OC[C@H]1O[C@@H](n2cnc3c(N)ncnc32)[C@H](O)[C@@H]1OP(=O)([O-])[O-])[C@@H](O)C(=O)NCCC(=O)NCCSC(=O)CCCCCC(=O)[O-],58.0
"1,2-dioctadecanoyl-sn-glycerol 3-phosphate",CC(C)(CO)[C@@H](O)C(=O)NCCC(=O)[O-],15.0
Pimeloyl-CoA,O=C(O)Cc1ccccc1,10.0
Palmitoyl-CoA (n-C16:0CoA),O=CCc1ccccc1,9.0
(R)-Pantothenate,CC(C)(CO)[C@@H](O)C(=O)NCCC(=O)[O-],15.0
Phenylacetic acid,O=CCc1ccccc1,9.0
Phenylacetaldehyde,CC(C)(COP(=O)([O-])[O-])C(O)C(=O)NCCC(=O)NCCS,22.0
Pantetheine 4'-phosphate,N#[N+][O-],3.0
(R)-Pantoate,CCC=O,4.0
"Adenosine 3',5'-bisphosphate",N#[N+][O-],3.0
Nitrous oxide,Nc1ncnc2c1ncn2[C@@H]1O[C@H](COP(=O)(O)OS(=O)(=O)O)[C@@H](OP(=O)(O)O)[C@H]1O,31.0
Propanal,Cc1ncc(COP(=O)(O)O)c(CO)c1O,16.0
3'-Phosphoadenylyl sulfate,CCC=O,4.0
Pyridoxine 5'-phosphate,CCC(=O)OP(=O)([O-])[O-],9.0
N8-Acetylspermidine,[Na+],1.0
Sodium,[Na+],1.0
Propanoyl phosphate,CCC(=O)SCCNC(=O)CCNC(=O)[C@H](O)C(C)(C)COP(=O)([O-])OP(=O)([O-])OC[C@H]1O[C@@H](n2cnc3c(N)ncnc32)[C@H](O)[C@@H]1OP(=O)([O-])[O-],52.0
Porphobilinogen,Nc1nc2c(ncn2[C@@H]2O[C@H](COP(=O)([O-])OP(=O)([O-])[O-])[C@@H](OP(=O)([O-])OP(=O)([O-])[O-])[C@H]2O)c(=O)[nH]1,36.0
Propanoyl-CoA,O=C([O-])C(=O)C[C@]1(C(=O)[O-])C=C[C@@H](O)C=C1,16.0
Nicotinate,CCCCCCCCCCCCCCCC(=O)OC[C@H](COP(=O)([O-])OCC[NH3+])OC(=O)CCCCCCCCCCCCCCC,47.0
"Guanosine 3',5'-bis(diphosphate)",O=C([O-])c1cccnc1,9.0
Prephenate,NC(=O)c1ccc[n+]([C@@H]2O[C@H](COP(=O)([O-])OP(=O)(O)OC[C@H]3O[C@@H](n4cnc5c(N)ncnc54)[C@H](O)[C@@H]3O)[C@@H](O)[C@H]2O)c1,44.0
"Phosphatidylethanolamine (dihexadecanoyl, n-C16:0)",CCCCCCCCCCCCCCCC(=O)OC[C@H](COP(=O)([O-])OCC[NH3+])OC(=O)CCCCCCCCCCCCCCC,47.0
Diphosphate,NC(=O)C1=CN([C@@H]2O[C@H](COP(=O)([O-])OP(=O)([O-])OC[C@H]3O[C@@H](n4cnc5c(N)ncnc54)[C@H](O)[C@@H]3O)[C@@H](O)[C@H]2O)C=CC1,44.0
Nicotinamide adenine dinucleotide,C=Cc1c2[nH]c(c1C)Cc1[nH]c(c(CCC(=O)[O-])c1C)Cc1[nH]c(c(C)c1CCC(=O)[O-])Cc1[nH]c(c(C)c1C=C)C2,42.0
Protoporphyrin,CCCCCCCCCCCCCCCCCC(=O)OC[C@H](COP(=O)([O-])OCC[NH3+])OC(=O)CCCCCCCCCCCCCCCCC,51.0
Nicotinamide adenine dinucleotide - reduced,O=P([O-])(O)OP(=O)([O-])OP(=O)([O-])O,13.0
Protoporphyrinogen IX,CCCCCCCCCCCCCCCCCC(=O)OC[C@H](COP(=O)([O-])OCC[NH3+])OC(=O)CCCCCCCCCCCCCCCCC,51.0
Nicotinamide adenine dinucleotide phosphate,NC(=O)C1=CN([C@@H]2O[C@H](COP(=O)(O)OP(=O)(O)OC[C@H]3O[C@@H](n4cnc5c(N)ncnc54)[C@H](OP(=O)(O)O)[C@@H]3O)[C@@H](O)[C@H]2O)C=CC1,48.0
"Phosphatidylethanolamine (dioctadecanoyl, n-C18:0)",O=C([O-])CCc1ccccc1,11.0
Inorganic triphosphate,NC(=O)c1cccnc1,9.0
Nicotinamide adenine dinucleotide phosphate - reduced,N,1.0
Phenylpropanoate,O=C([O-])CCc1ccccc1,11.0
Nicotinamide,N,1.0
Ammonium,N,1.0
Phosphonate,[NH3+][C@@H](CCCC[NH2+]CC(=O)[C@H](O)[C@H](O)[C@H](O)CO)C(=O)[O-],21.0
"Phosphatidylserine (dioctadecanoyl, n-C18:0)",[Ni+2],1.0
Psicoselysine,O=C(O)c1ccccc1N[C@@H]1O[C@H](COP(=O)(O)O)[C@@H](O)[C@H]1O,23.0
5-Phospho-beta-D-ribosylamine,[NH3+][C@@H](CCCC[NH2+]CC(=O)[C@H](O)[C@H](O)[C@H](O)CO)C(=O)[O-],21.0
N-(5-Phospho-D-ribosyl)anthranilate,[NH3+][C@@H](COP(=O)([O-])[O-])C(=O)[O-],11.0
1-(5-Phosphoribosyl)-AMP,[NH3+][C@@H](COP(=O)([O-])[O-])C(=O)[O-],11.0
O-Phospho-L-serine,NC(=O)c1ncn([C@@H]2O[C@H](COP(=O)([O-])[O-])[C@@H](O)[C@H]2O)c1/N=C/N[C@@H]1O[C@H](COP(=O)([O-])[O-])[C@@H](O)[C@H]1O,37.0
1-(5-Phosphoribosyl)-ATP,N[C@@H](CCOC(=O)CCC(=O)O)C(=O)O,15.0
N2-Succinyl-L-glutamate 5-semialdehyde,NC(=O)c1ncn([C@@H]2O[C@H](COP(=O)([O-])[O-])[C@@H](O)[C@H]2O)c1NC=NCC(=O)[C@H](O)[C@H](O)COP(=O)([O-])[O-],37.0
1-(5-Phosphoribosyl)-5-[(5-phosphoribosylamino)methylideneamino]imidazole-4-carboxamide,NCCCCN,6.0
O-Succinyl-L-homoserine,[NH3+]CCC[C@H](NC(=O)CCC(=O)[O-])C(=O)[O-],16.0
5-[(5-phospho-1-deoxyribulos-1-ylamino)methylideneamino]-1-(5-phosphoribosyl)imidazole-4-carboxamide,NCCCCN,6.0
Putrescine,O=C(O)C1CCCN1,8.0
N2-Succinyl-L-ornithine,NCCCCN,6.0
L-Proline,OC[C@H]1O[C@H](O[C@]2(CO)O[C@H](CO)[C@@H](O)[C@@H]2O)[C@H](O)[C@@H](O)[C@@H]1O,23.0
Sucrose C12H22O11,Cc1ncc(CO)c(C[NH3+])c1O,12.0
Pyridoxamine 5'-phosphate,O=CCCC(=O)O,7.0
Pyridoxamine,O=C([O-])CNC(=O)[C@@H]1CCC[NH2+]1,12.0
L-Prolinylglycine,O=C([O-])CS(=O)(=O)[O-],8.0
Pyridoxal 5'-phosphate,Cc1[nH+]cc(CO)c(C=O)c1O,12.0
Succinic semialdehyde,O=C([O-])CNC(=O)[C@@H]1CCC[NH2+]1,12.0
Sulfoacetate,O=C([O-])CS(=O)(=O)[O-],8.0
Pyridoxal,O=C([O-])CS(=O)(=O)[O-],8.0
Pyridoxine,O=P(O)(O)OC[C@H]1O[C@H](OP(=O)(O)OP(=O)(O)O)[C@H](O)[C@@H]1O,22.0
Pyruvate,COC1=C(OC)C(=O)C(C/C=C(\C)CC/C=C(\C)CC/C=C(\C)CC/C=C(\C)CC/C=C(\C)CC/C=C(\C)CC/C=C(\C)CCC=C(C)C)=C(C)C1=O,53.0
5-Phospho-alpha-D-ribose 1-diphosphate,COc1c(O)c(C)c(C/C=C(\C)CC/C=C(\C)CC/C=C(\C)CC/C=C(\C)CC/C=C(\C)CC/C=C(\C)CC/C=C(\C)CCC=C(C)C)c(O)c1OC,53.0
Ubiquinone-8,O=P(O)(O)OC[C@H]1OC(O)(CO)[C@@H](O)[C@H]1O,16.0
Ubiquinol-8,O=P([O-])([O-])OC[C@H]1OC(O)(COP(=O)([O-])[O-])[C@@H](O)[C@H]1O,20.0
Quinolinate,CCCCCCCCCCCCCCCC(=O)OC[C@H](COP(=O)(O)OC[C@H](N)C(=O)O)OC(=O)CCCCCCCCCCCCCCC,50.0
"D-Ribose 1,5-bisphosphate",O=C([O-])[C@@H](O)[C@H](O)[C@H](O)C(=O)CO,13.0
D-Tagatose 6-phosphate,O=P(O)(O)O[C@H]1O[C@H](CO)[C@@H](O)[C@H]1O,14.0
"D-Tagatose 1,6-biphosphate",O=P(O)(O)OC[C@H]1O[C@H](O)[C@H](O)[C@@H]1O,14.0
"Phosphatidylserine (dihexadecanoyl, n-C16:0)",O=P(O)(O)OC[C@H]1O[C@H](O)[C@H](O)[C@@H]1O,14.0
D-Tagaturonate,O=C([O-])[C@H](O)[C@@H](O)C(=O)[O-],10.0
Alpha-D-Ribose 1-phosphate,O=S(=O)(O)[S-],5.0
Alpha-D-Ribose 5-phosphate,O=C([O-])[C@H](O)[C@@H](O)C(=O)[O-],10.0
L-tartrate,O=P(O)(O)OC[C@H]1O[C@H](O)[C@H](O)[C@@H]1O,14.0
Thiosulfate,O=S(=O)(O)[S-],5.0
Reduced riboflavin,NCCS(=O)(=O)[O-],7.0
L-Ribulose,Cc1cc2ncn([C@H]3O[C@H](CO)[C@@H](O)[C@H]3O)c2cc1C,20.0
Taurine C2H7NO3S,N[C@@H](CCSC[C@H]1OC(O)[C@H](O)[C@@H]1O)C(=O)O,17.0
"N1-(alpha-D-ribosyl)-5,6-dimethylbenzimidazole",OC[C@H]1OC(O)[C@H](O)[C@@H]1O,10.0
S-Ribosyl-L-homocysteine,N#CS,3.0
Thiocyanate,N#CS,3.0
D-Ribose,OC[C@H]1OC(O)[C@H](O)[C@@H]1O,10.0
Trans-Tetradec-2-enoyl-CoA,C[C@H](O)[C@H](O)[C@@H](O)C(=O)COP(=O)([O-])[O-],15.0
Tetradecanoyl-CoA (n-C14:0CoA),O=[W](=O)([O-])O,5.0
Riboflavin C17H20N4O6,C[C@H](O)[C@H](O)[C@@H](O)C(=O)CO,11.0
Tungstate,C[C@@H]1OC(O)[C@H](O)[C@H](O)[C@H]1O,11.0
L-Rhamnulose 1-phosphate,O=[W](=O)([O-])O,5.0
L-Rhamnulose,NCCc1ccc(O)cc1,10.0
L-Rhamnose,C[C@@H]1OC(O)[C@H](O)[C@H](O)[C@H]1O,11.0
Tyramine,O=C([O-])C1=NC(C(=O)[O-])CCC1,12.0
D-Ribulose 5-phosphate,[NH3+]C(Cc1ccc(O)cc1)C(=O)O,13.0
"2,3,4,5-Tetrahydrodipicolinate",O=C(CO)[C@@H](O)[C@H](O)[C@H](O)[C@H](O)COP(=O)(O)O,18.0
L-Tyrosine,Nc1nc2c(c(=O)[nH]1)N[C@@H](CNc1ccc(C(=O)N[C@@H](CCC(=O)[O-])C(=O)[O-])cc1)CN2,32.0
L-Ribulose 5-phosphate,[NH3+]C(Cc1ccc(O)cc1)C(=O)O,13.0
Sedoheptulose 7-phosphate,[S],1.0
"5,6,7,8-Tetrahydrofolate",Cc1ncc(C[n+]2csc(CCO)c2C)c(N)n1.[Cl-],19.0
Thiamin,[NH3+][C@@H](Cc1ccc(OP(=O)([O-])[O-])cc1)C(=O)[O-],17.0
Sulfur,O=P([O-])([O-])OC[C@@H](O)[C@@H](O)[C@H](O)[C@@H](O)CO,16.0
Sarcosine C3H7NO2,[NH3+][C@@H](Cc1ccc(OP(=O)([O-])[O-])cc1)C(=O)[O-],17.0
Phosphotyrosine,Cc1ncc(C[n+]2csc(CCOP(=O)(O)O)c2C)c(N)n1,22.0
D-Sorbitol 6-phosphate,OC[C@H](O)[C@@H](O)[C@H](O)[C@H](O)CO,12.0
Thiamin monophosphate,CC(C)(COP(=O)(O)OP(=O)(O)OC[C@H]1O[C@@H](n2cnc3c(N)ncnc32)[C@H](O)[C@@H]1OP(=O)(O)O)[C@@H](O)C(=O)NCCC(=O)NCCSC(=O)CCC(=O)c1ccccc1C(=O)O,63.0
D-Sorbitol,CCCCCCCCCCC[C@@H](O)CC(=O)N[C@H]1[C@@H](OP(=O)([O-])OP(=O)([O-])OC[C@H]2O[C@@H](n3ccc(=O)[nH]c3=O)[C@H](O)[C@@H]2O)O[C@H](CO)[C@@H](O)[C@@H]1OC(=O)C[C@H](O)CCCCCCCCCCC,68.0
Thiamine diphosphate,C[C@@H](O)[C@H](N)C(=O)O,8.0
O-Succinylbenzoyl-CoA,CCCCCCCCCCC[C@@H](O)CC(=O)O[C@H]1[C@H](O)[C@@H](CO)O[C@H](OP(=O)(O)OP(=O)(O)OC[C@H]2O[C@@H](n3ccc(=O)[nH]c3=O)[C@H](O)[C@@H]2O)[C@@H]1NC(C)=O,55.0
"UDP-2,3-bis(3-hydroxytetradecanoyl)glucosamine",C[C@@H](O)[C@H](N)C(=O)O,8.0
Sirohydrochlorin,CCCCCCCCCCCC(O)CC(=O)O[C@H]1[C@H](O)[C@@H](CO)OC(OP(=O)(O)OP(=O)(O)OC[C@H]2O[C@@H](n3ccc(=O)[nH]c3=O)[C@H](O)[C@@H]2O)[C@@H]1N,52.0
L-Threonine,[Se-2],1.0
UDP-3-O-(3-hydroxytetradecanoyl)-N-acetylglucosamine,C[C@@H](O)[C@H](N)C(=O)O,8.0
UDP-3-O-(3-hydroxytetradecanoyl)-D-glucosamine,O=P(O)(O)[SeH],5.0
Selenide,[NH3+][C@H](CO)C(=O)[O-],7.0
L-Threonine O-3-phosphate,[NH3+][C@H](CO)C(=O)[O-],7.0
Selenophosphate,CC(=O)N[C@H]1[C@H](O[C@@H]2[C@@H](CO)O[C@H](OP(=O)(O)OP(=O)(O)OC/C=C(/C)CC/C=C(/C)CC/C=C(/C)CC/C=C(/C)CC/C=C(/C)CC/C=C(/C)CC/C=C(/C)CC/C=C(/C)CC/C=C(\C)CC/C=C(\C)CCC=C(C)C)[C@H](NC(C)=O)[C@H]2O[C@H](C)C(=O)N[C@@H](C)C(=O)N[C@H](CCC(=O)N[C@@H](CCC[C@@H](N)C(=O)O)C(=O)N[C@H](C)C(=O)N[C@H](C)C(=O)O)C(=O)O)O[C@H](CO)[C@@H](O)[C@@H]1O,133.0
D-Serine,[NH3+][C@H](CO)C(=O)[O-],7.0
"Undecaprenyl-diphospho-N-acetylmuramoyl-(N-acetylglucosamine)-L-ala-D-glu-meso-2,6-diaminopimeloyl-D-ala-D-ala",Cc1c[nH]c(=O)[nH]c1=O,9.0
Thymine C5H6N2O2,NC(CO)C(=O)[O-],7.0
UDP-N-acetyl-3-O-(1-carboxyvinyl)-D-glucosamine,CC(=O)N[C@H]1[C@@H](OP(=O)([O-])OP(=O)([O-])OC[C@H]2O[C@@H](n3ccc(=O)[nH]c3=O)[C@H](O)[C@@H]2O)O[C@H](CO)[C@@H](O)[C@@H]1O,39.0
L-Serine,Cc1c[nH]c(=O)[nH]c1=O,9.0
UDP-N-acetyl-D-glucosamine,Cc1cn([C@H]2C[C@H](O)[C@@H](CO)O2)c(=O)[nH]c1=O,17.0
Thymidine C10H14N2O5,CC(=O)N[C@H]1[C@@H](OP(=O)([O-])OP(=O)([O-])OC[C@H]2O[C@@H](n3ccc(=O)[nH]c3=O)[C@H](O)[C@@H]2O)O[C@H](CO)[C@@H](O)[C@@H]1O,39.0
L-seryl-AMP,CN(C)C,4.0
Trimethylamine,CN(C)C,4.0
Siroheme C42H36FeN4O16,CC(=O)N[C@@H]1[C@@H](OP(=O)([O-])OP(=O)([O-])OC[C@H]2O[C@@H](n3ccc(=O)[nH]c3=O)[C@H](O)[C@@H]2O)O[C@H](C(=O)[O-])[C@@H](O)[C@@H]1O,40.0
UDP-N-acetyl-D-mannosamine,CN(C)C,4.0
Shikimate 5-phosphate,O=C(O)C1=C[C@@H](O)[C@@H](O)[C@H](O)C1,12.0
UDP-N-acetyl-D-mannosaminouronate,O=C(O)C1=C[C@@H](O)[C@@H](O)[C@H](O)C1,12.0
Shikimate,C[N+](C)(C)[O-],5.0
"Undecaprenyl-diphospho-N-acetylmuramoyl-L-alanyl-D-glutamyl-meso-2,6-diaminopimeloyl-D-alanyl-D-alanine",C[N+](C)(C)[O-],5.0
Trimethylamine N-oxide,[NH3+][C@@H](CCC[C@H](NC(=O)CCC(=O)[O-])C(=O)[O-])C(=O)[O-],20.0
UDP-N-acetylmuramoyl-L-alanine,O=C(O)CCC(=O)N[C@@H](CCCC(=O)C(=O)O)C(=O)O,20.0
"N-Succinyl-LL-2,6-diaminoheptanedioate",O=S=O,3.0
UDP-N-acetylmuramoyl-L-alanyl-D-glutamate,O=S=O,3.0
N-Succinyl-2-L-amino-6-oxoheptanedioate,CC(C)=CCCC(C)=CCCC(C)=CCCC(C)=CCCC(C)=CCCC(C)=CCCC(C)=CCCC(C)=CCCC(C)=CCCC(C)=CCCC(C)=CCOP(=O)(O)OP(=O)(O)O,64.0
UDP-N-acetylmuramate,O=S=O,3.0
Sulfur dioxide,CC(C)=CCCC(C)=CCCC(C)=CCCC(C)=CCCC(C)=CCCC(C)=CCCC(C)=CCCC(C)=CCCC(C)=CCCC(C)=CCCC(C)=CCOP(=O)(O)OP(=O)(O)O,64.0
Undecaprenyl diphosphate,CC(C)=CCC/C(C)=C/CC/C(C)=C/CC/C(C)=C/CC/C(C)=C/CC/C(C)=C/CC/C(C)=C/CC/C(C)=C/CC/C(C)=C/CC/C(C)=C/CC/C(C)=C/COP(=O)([O-])[O-],60.0
Sulfite,CC(C)=CCC/C(C)=C/CC/C(C)=C/CC/C(C)=C/CC/C(C)=C/CC/C(C)=C/CC/C(C)=C/CC/C(C)=C/CC/C(C)=C/CC/C(C)=C/CC/C(C)=C/COP(=O)([O-])[O-],60.0
Undecaprenyl phosphate,O=S([O-])O,4.0
Oxidized thioredoxin,O=CN[C@H]1CO[C@H](OP(=O)(O)OP(=O)(O)OC[C@H]2O[C@@H](n3ccc(=O)[nH]c3=O)[C@H](O)[C@@H]2O)[C@H](O)[C@H]1O,36.0
Sulfate,[NH3+][C@H]1CO[C@H](OP(=O)([O-])OP(=O)([O-])OC[C@H]2O[C@@H](n3ccc(=O)[nH]c3=O)[C@H](O)[C@@H]2O)[C@H](O)[C@H]1O,34.0
Uridine 5''-diphospho-{beta}-4-deoxy-4-formamido-L-arabinose,OC[C@H]1O[C@H](O[C@H]2O[C@H](CO)[C@@H](O)[C@H](O)[C@H]2O)[C@H](O)[C@@H](O)[C@@H]1O,23.0
"Alpha,alpha'-Trehalose 6-phosphate",O=S(=O)([O-])[O-],5.0
Uridine 5''-diphospho-{beta}-4-deoxy-4-amino-L-arabinose,O=C1CO[C@H](OP(=O)([O-])OP(=O)([O-])OC[C@H]2O[C@@H](n3ccc(=O)[nH]c3=O)[C@H](O)[C@@H]2O)[C@H](O)[C@H]1O,34.0
Trehalose,[NH3+]CCCC[NH2+]CCC[NH3+],10.0
UDP-4-keto-pyranose,O=c1ccn([C@@H]2O[C@H](COP(=O)([O-])OP(=O)([O-])[O-])[C@@H](O)[C@H]2O)c(=O)[nH]1,25.0
Spermidine,[NH3+]CCCC[NH2+]CCC[NH3+],10.0
UDP C9H11N2O12P2,CCCCCCCCCCCCCCCCCC(=O)SCCNC(=O)CCNC(=O)[C@H](O)C(C)(C)COP(=O)([O-])OP(=O)([O-])OC[C@H]1O[C@@H](n2cnc3c(N)ncnc32)[C@H](O)[C@@H]1OP(=O)([O-])[O-],67.0
UDP-N-acetyl-D-galactosamine,O=P(O)(O)OC[C@H]1O[C@H](O[C@]2(CO)O[C@H](CO)[C@@H](O)[C@@H]2O)[C@H](O)[C@@H](O)[C@@H]1O,27.0
Stearoyl-CoA (n-C18:0CoA),O=c1ccn([C@@H]2O[C@H](COP(=O)(O)OP(=O)(O)O[C@H]3O[C@H](CO)[C@@H](O)[C@H](O)[C@H]3O)[C@@H](O)[C@H]2O)c(=O)[nH]1,36.0
UDPglucose,O=C(O)CCC(=O)c1ccccc1C(=O)O,16.0
Sucrose 6-phosphate,O=c1ccn([C@@H]2O[C@H](COP(=O)(O)OP(=O)(O)O[C@H]3O[C@H](CO)[C@@H](O)[C@H](O)[C@H]3O)[C@@H](O)[C@H]2O)c(=O)[nH]1,36.0
N2-Succinyl-L-arginine,O=C(O)CCC(=O)O,8.0
O-Succinylbenzoate,O=C(O)CCC(=O)O,8.0
Succinate,O=C(O)CCC(=O)O,8.0
UDPgalactose,CC(C)(COP(=O)([O-])OP(=O)([O-])OC[C@H]1O[C@@H](n2cnc3c(N)ncnc32)[C@H](O)[C@@H]1OP(=O)([O-])[O-])[C@@H](O)C(=O)NCCC(=O)NCCSC(=O)CCC(=O)[O-],55.0
Succinyl-CoA,O=C([O-])[C@H]1O[C@H](OP(=O)([O-])OP(=O)([O-])OC[C@H]2O[C@@H](n3ccc(=O)[nH]c3=O)[C@H](O)[C@@H]2O)[C@H](O)[C@@H](O)[C@@H]1O,37.0
N2-Succinyl-L-glutamate,O=c1[nH]c(=O)c2ncn([C@@H]3O[C@H](CO)[C@@H](O)[C@H]3O)c2[nH]1,20.0
"UDP-D-galacto-1,4-furanose",O=C([O-])[C@H]1O[C@H](OP(=O)([O-])OP(=O)([O-])OC[C@H]2O[C@@H](n3ccc(=O)[nH]c3=O)[C@H](O)[C@@H]2O)[C@H](O)[C@@H](O)[C@@H]1O,37.0
UDP-D-glucuronate,O=c1[nH]c(=O)c2ncn([C@@H]3O[C@H](CO)[C@@H](O)[C@H]3O)c2[nH]1,20.0
Xanthosine,O=C(CO)[C@@H](O)[C@H](O)COP(=O)(O)O,14.0
"UDP-N-acetylmuramoyl-L-alanyl-D-gamma-glutamyl-meso-2,6-diaminopimelate",OC1OC[C@@H](O)[C@H](O)[C@H]1O,10.0
D-Xylulose 5-phosphate,OC1OC[C@@H](O)[C@H](O)[C@H]1O,10.0
"UDP-N-acetylmuramoyl-L-alanyl-D-glutamyl-meso-2,6-diaminopimeloyl-D-alanyl-D-alanine",O=c1ccn([C@@H]2O[C@H](COP(=O)(O)O)[C@@H](O)[C@H]2O)c(=O)[nH]1,21.0
L-Xylulose 5-phosphate,OC1OC[C@@H](O)[C@H](O)[C@H]1O,10.0
D-Xylose,O=c1ccn([C@@H]2O[C@H](COP(=O)(O)O)[C@@H](O)[C@H]2O)c(=O)[nH]1,21.0
UMP C9H11N2O9P,O=C(CO)[C@H](O)[C@@H](O)CO,10.0
D-Xylulose,[NH3+]C(Cc1c[nH]c2ccccc12)C(=O)O,15.0
L-Xylulose,[NH3+]C(Cc1c[nH]c2ccccc12)C(=O)O,15.0
L-Tryptophan,[Zn+2],1.0
Undecaprenyl diphospho N-acetyl-glucosamine,[NH3+]C(Cc1c[nH]c2ccccc12)C(=O)O,15.0
Zinc,[Zn+2],1.0
Undecaprenyl-diphospho-N-acetylglucosamine-N-acetylmannosaminuronate,O=S(=O)(O)[S-],5.0
Uroporphyrinogen III,Oc1nc(O)c2[nH]c(O)nc2n1,12.0
Uracil,NC(=O)N[C@@H](O)C(=O)O,9.0
Urate C5H4N4O3,NC(N)=O,4.0
(-)-Ureidoglycolate,O=c1ccn([C@@H]2O[C@H](CO)[C@@H](O)[C@H]2O)c(=O)[nH]1,17.0
Urea CH4N2O,O=c1ccn([C@@H]2O[C@H](CO)[C@@H](O)[C@H]2O)c(=O)[nH]1,17.0
Uridine,CC(C)C(N)C(=O)[O-],8.0
UTP C9H11N2O15P3,O=c1[nH]c(=O)c2[nH]cnc2[nH]1,11.0
L-Valine,O=c1[nH]c(=O)c2[nH]cnc2[nH]1,11.0
Xanthine,O=c1[nH]c(=O)c2ncn([C@@H]3O[C@H](COP(=O)([O-])[O-])[C@@H](O)[C@H]3O)c2[nH]1,24.0
XDP,O=c1[nH]c(=O)c2ncn([C@@H]3O[C@H](COP(=O)([O-])OP(=O)([O-])OP(=O)([O-])[O-])[C@@H](O)[C@H]3O)c2[nH]1,32.0
Xanthosine 5'-phosphate,O=c1[nH]c(=O)c2ncn([C@@H]3O[C@H](CO)[C@@H](O)[C@H]3O)c2[nH]1,20.0
